domain,n_news,fake_count,real_count,source_datasets,fake_ratio
1001.com.do,1,0,0,['gossipcop'],0.0
100percentfedup.com,1,0,0,['politifact'],0.0
101kgb.iheart.com,1,0,0,['gossipcop'],0.0
1029now.iheart.com,1,0,0,['gossipcop'],0.0
1037theq.iheart.com,3,0,0,['gossipcop'],0.0
1043myfm.iheart.com,6,0,0,['gossipcop'],0.0
1061kissfm.iheart.com,1,0,0,['gossipcop'],0.0
10best.com,1,0,0,['gossipcop'],0.0
10news.com,1,0,0,['gossipcop'],0.0
12news.com,1,0,0,['gossipcop'],0.0
12up.com,1,0,0,['gossipcop'],0.0
15minutenews.com,13,0,0,['gossipcop'],0.0
1iota.com,1,0,0,['gossipcop'],0.0
234today.com,1,0,0,['gossipcop'],0.0
24newsread.com,1,0,0,['gossipcop'],0.0
24trueinfoamerica.com,1,0,0,['politifact'],0.0
2loudmag.com,1,0,0,['gossipcop'],0.0
2medusa.com,1,0,0,['gossipcop'],0.0
35.196.40.165,8,0,0,['gossipcop'],0.0
44blue.com,2,0,0,['gossipcop'],0.0
6abc.com,1,0,0,['gossipcop'],0.0
6sqft.com,1,0,0,['gossipcop'],0.0
7thheaven.wikia.com,1,0,0,['gossipcop'],0.0
925xtu.com,1,0,0,['gossipcop'],0.0
929jackfm.com,1,0,0,['gossipcop'],0.0
939litefm.iheart.com,1,0,0,['gossipcop'],0.0
949thebull.iheart.com,1,0,0,['gossipcop'],0.0
951wayv.com,9,0,0,['gossipcop'],0.0
953bull.iheart.com,1,0,0,['gossipcop'],0.0
953jamz.com,1,0,0,['gossipcop'],0.0
957thespot.radio.com,1,0,0,['gossipcop'],0.0
975online.iheart.com,2,0,0,['gossipcop'],0.0
989thebridge.com,1,0,0,['gossipcop'],0.0
98online.com,1,0,0,['gossipcop'],0.0
99tune.us,1,0,0,['gossipcop'],0.0
9jaikeji.com,2,0,0,['gossipcop'],0.0
9news.com,6,0,0,['gossipcop'],0.0
9sportpro.com,1,0,0,['gossipcop'],0.0
aad.org,3,0,0,['gossipcop'],0.0
aarp.org,1,0,0,['gossipcop'],0.0
abc.go.com,44,0,0,['gossipcop'],0.0
abc.net.au,3,0,0,['gossipcop'],0.0
abc13.com,4,0,0,['gossipcop'],0.0
abc15.com,5,0,0,['gossipcop'],0.0
abc7.com,7,0,0,['gossipcop'],0.0
abc7chicago.com,3,0,0,['gossipcop'],0.0
abc7news.com,2,0,0,['gossipcop'],0.0
abc7ny.com,2,0,0,['gossipcop'],0.0
abcactionnews.com,1,0,0,['gossipcop'],0.0
abcnews-us.com,1,0,0,['politifact'],0.0
abcnews.go.com,145,0,0,"['gossipcop', 'politifact']",0.0
abcnewsradioonline.com,5,0,0,['gossipcop'],0.0
about.hm.com,1,0,0,['gossipcop'],0.0
about.usps.com,1,0,0,['gossipcop'],0.0
accessonline.com,10,0,0,['gossipcop'],0.0
aceshowbiz.com,34,0,0,['gossipcop'],0.0
acriticalreviewofthehelp.wordpress.com,1,0,0,['gossipcop'],0.0
action.citizen.org,1,0,0,['politifact'],0.0
actionnetwork.org,1,0,0,['politifact'],0.0
actionnews3.com,1,0,0,['politifact'],0.0
activistmommy.com,1,0,0,['politifact'],0.0
acton.org,1,0,0,['politifact'],0.0
adage.com,4,0,0,['gossipcop'],0.0
adamlamberttv.blogspot.com,1,0,0,['gossipcop'],0.0
adelove.com,1,0,0,['gossipcop'],0.0
admin.xnug.uk,1,0,0,['gossipcop'],0.0
adorebeauty.com.au,1,0,0,['gossipcop'],0.0
advocate.com,3,0,0,['gossipcop'],0.0
adweek.com,6,0,0,['gossipcop'],0.0
aft.org,1,0,0,['politifact'],0.0
ag.ny.gov,1,0,0,['gossipcop'],0.0
agt.fandom.com,1,0,0,['gossipcop'],0.0
ahlanlive.com,1,0,0,['gossipcop'],0.0
ajc.com,22,0,0,['gossipcop'],0.0
ajeteys.com,1,0,0,['politifact'],0.0
al.com,1,0,0,['gossipcop'],0.0
albawaba.com,3,0,0,['gossipcop'],0.0
alexander.senate.gov,1,0,0,['politifact'],0.0
alice955.iheart.com,1,0,0,['gossipcop'],0.0
alison-jackson.co.uk,1,0,0,['politifact'],0.0
alivetales.com,2,0,0,['gossipcop'],0.0
aljazeera.com,4,0,0,['gossipcop'],0.0
all4women.co.za,2,0,0,['gossipcop'],0.0
allaboutthetea.com,1,0,0,['gossipcop'],0.0
allabouttrh.com,11,0,0,['gossipcop'],0.0
allblackmedia.com,1,0,0,['gossipcop'],0.0
allmusic.com,1,0,0,['gossipcop'],0.0
allmyfriendsaremodels.com,1,0,0,['gossipcop'],0.0
allnews4us.com,1,0,0,['politifact'],0.0
allthingslawandorder.blogspot.com,3,0,0,['gossipcop'],0.0
allthingsoneplace.me,2,0,0,['gossipcop'],0.0
allthingsrh.com,1,0,0,['gossipcop'],0.0
allure.com,38,0,0,['gossipcop'],0.0
alternativemediasyndicate.com,1,0,0,['politifact'],0.0
altpress.com,3,0,0,['gossipcop'],0.0
altrock993.iheart.com,1,0,0,['gossipcop'],0.0
amazingrace.wikia.com,1,0,0,['gossipcop'],0.0
amazon.com,46,0,0,['gossipcop'],0.0
amc.com,2,0,0,['gossipcop'],0.0
america.aljazeera.com,1,0,0,['politifact'],0.0
americaneedsmitt.com,1,0,0,['politifact'],0.0
americanidol.wikia.com,1,0,0,['gossipcop'],0.0
americannews.com,2,0,0,['politifact'],0.0
americanproud.info,1,0,0,['politifact'],0.0
americaspeaksink.com,2,0,0,['gossipcop'],0.0
americatb.com,1,0,0,['politifact'],0.0
aminoapps.com,4,0,0,['gossipcop'],0.0
amnayzh.wordpress.com,10,0,0,['gossipcop'],0.0
amny.com,2,0,0,['gossipcop'],0.0
amplifiedpost.com,1,0,0,['gossipcop'],0.0
ams.usda.gov,1,0,0,['politifact'],0.0
amysmartgirls.com,1,0,0,['gossipcop'],0.0
anastasiabeverlyhills.com,1,0,0,['gossipcop'],0.0
animalplanet.com,1,0,0,['gossipcop'],0.0
aninews.in,2,0,0,['gossipcop'],0.0
annyblog.com,1,0,0,['gossipcop'],0.0
aol.com,57,0,0,['gossipcop'],0.0
apartmenttherapy.com,1,0,0,['gossipcop'],0.0
apetogentleman.com,1,0,0,['gossipcop'],0.0
aplus.com,6,0,0,['gossipcop'],0.0
apnews.com,12,0,0,"['gossipcop', 'politifact']",0.0
app.com,3,0,0,['gossipcop'],0.0
arabnews.com,1,0,0,['gossipcop'],0.0
architecturaldigest.com,12,0,0,['gossipcop'],0.0
archive.is,1,0,0,['politifact'],0.0
archive.li,1,0,0,['gossipcop'],0.0
archive.org,1,0,0,['gossipcop'],0.0
archives.gov,1,0,0,['politifact'],0.0
archynety.com,1,0,0,['gossipcop'],0.0
archyworldys.com,21,0,0,['gossipcop'],0.0
arkansasonline.com,1,0,0,['gossipcop'],0.0
armytimes.com,1,0,0,['politifact'],0.0
article.wn.com,93,0,0,['gossipcop'],0.0
articlebio.com,2,0,0,['gossipcop'],0.0
asnowrose.wordpress.com,1,0,0,['politifact'],0.0
astrologyanswers.com,1,0,0,['gossipcop'],0.0
atheism.trendolizer.com,1,0,0,['gossipcop'],0.0
atlantablackstar.com,3,0,0,['gossipcop'],0.0
atlantadailyworld.com,1,0,0,['gossipcop'],0.0
au.be.yahoo.com,5,0,0,['gossipcop'],0.0
au.news.yahoo.com,1,0,0,['gossipcop'],0.0
auburnpub.com,1,0,0,['gossipcop'],0.0
austin360.com,1,0,0,['gossipcop'],0.0
autismgazette.com,1,0,0,['gossipcop'],0.0
automaticblogging.com,2,0,0,['gossipcop'],0.0
avclub.com,7,0,0,['gossipcop'],0.0
awards.trendolizer.com,3,0,0,['gossipcop'],0.0
awards.wga.org,1,0,0,['gossipcop'],0.0
ayibamagazine.com,1,0,0,['gossipcop'],0.0
ayresearch.com,2,0,0,['gossipcop'],0.0
azcentral.com,4,0,0,['gossipcop'],0.0
azdailysun.com,1,0,0,['gossipcop'],0.0
b100wobb.iheart.com,1,0,0,['gossipcop'],0.0
babble.com,4,0,0,['gossipcop'],0.0
babe.net,3,0,0,['gossipcop'],0.0
babygaga.com,7,0,0,['gossipcop'],0.0
babylonbee.com,2,0,0,['politifact'],0.0
babyology.com.au,2,0,0,['gossipcop'],0.0
baldtruthtalk.com,1,0,0,['gossipcop'],0.0
baltimoresun.com,2,0,0,['gossipcop'],0.0
bangersandjams.com,1,0,0,['gossipcop'],0.0
bankrate.com,14,0,0,['gossipcop'],0.0
barkpost.com,1,0,0,['gossipcop'],0.0
barstoolsports.com,1,0,0,['gossipcop'],0.0
baseline.tennis.com,1,0,0,['gossipcop'],0.0
bbc.co.uk,9,0,0,['gossipcop'],0.0
bbc.com,65,0,0,"['gossipcop', 'politifact']",0.0
bbcamerica.com,3,0,0,['gossipcop'],0.0
bckonline.com,1,0,0,['gossipcop'],0.0
bea.gov,3,0,0,['politifact'],0.0
beautybeatbox.com,1,0,0,['gossipcop'],0.0
beautycrew.com.au,4,0,0,['gossipcop'],0.0
beautyzon.info,2,0,0,['gossipcop'],0.0
bebevoyage.com,1,0,0,['gossipcop'],0.0
beforeitsnews.com,1,0,0,['politifact'],0.0
behindthechair.com,1,0,0,['gossipcop'],0.0
beifangyinhang.com,1,0,0,['gossipcop'],0.0
belfasttelegraph.co.uk,1,0,0,['gossipcop'],0.0
bellanyc.com,1,0,0,['gossipcop'],0.0
bellatwins.org,1,0,0,['gossipcop'],0.0
berniesanders.com,2,0,0,['politifact'],0.0
bestblackfriday.com,1,0,0,['gossipcop'],0.0
bestproducts.com,1,0,0,['gossipcop'],0.0
bet.com,17,0,0,['gossipcop'],0.0
beta.criticalmention.com,1,0,0,['politifact'],0.0
betches.com,3,0,0,['gossipcop'],0.0
betrendsetter.com,1,0,0,['gossipcop'],0.0
beyonce.com,1,0,0,['gossipcop'],0.0
bglh-marketplace.com,1,0,0,['gossipcop'],0.0
bgr.com,3,0,0,['gossipcop'],0.0
bhcourier.com,1,0,0,['gossipcop'],0.0
bhphotovideo.com,1,0,0,['gossipcop'],0.0
bieber.trendolizer.com,2,0,0,['gossipcop'],0.0
big987.com,1,0,0,['gossipcop'],0.0
bigeye.ug,1,0,0,['gossipcop'],0.0
bigfrog104.com,1,0,0,['gossipcop'],0.0
bigwnews.com,1,0,0,['gossipcop'],0.0
billboard.com,197,0,0,['gossipcop'],0.0
billboardmusicawards.com,1,0,0,['gossipcop'],0.0
billingsgazette.com,1,0,0,['gossipcop'],0.0
biography.com,38,0,0,['gossipcop'],0.0
bioguide.congress.gov,1,0,0,['politifact'],0.0
biphoo.com,36,0,0,['gossipcop'],0.0
biphoomedia.wordpress.com,1,0,0,['gossipcop'],0.0
birminghammail.co.uk,1,0,0,['gossipcop'],0.0
birthmoviesdeath.com,1,0,0,['gossipcop'],0.0
bitcoingrower.life,1,0,0,['politifact'],0.0
bjocce.co,1,0,0,['gossipcop'],0.0
blackamericaweb.com,3,0,0,['gossipcop'],0.0
blackdoctor.org,2,0,0,['gossipcop'],0.0
blackhairspot.com,1,0,0,['gossipcop'],0.0
blackvibes.com,1,0,0,['gossipcop'],0.0
bleacherreport.com,6,0,0,['gossipcop'],0.0
bleedingcool.com,2,0,0,['gossipcop'],0.0
blingnews.com,1,0,0,['politifact'],0.0
blink182vegas.com,1,0,0,['gossipcop'],0.0
blockislandorganics.com,1,0,0,['gossipcop'],0.0
blog.familytheater.org,1,0,0,['gossipcop'],0.0
blog.feedspot.com,1,0,0,['gossipcop'],0.0
blog.feelingthevibe.com,1,0,0,['gossipcop'],0.0
blog.iheart.com,1,0,0,['gossipcop'],0.0
blog.invoiceberry.com,1,0,0,['gossipcop'],0.0
blog.shopakira.com,1,0,0,['gossipcop'],0.0
blog.ticketmaster.co.uk,1,0,0,['gossipcop'],0.0
blog.wenn.com,2,0,0,['gossipcop'],0.0
blog.winkylux.com,1,0,0,['gossipcop'],0.0
blogs.desmoinesregister.com,1,0,0,['politifact'],0.0
blogs.findlaw.com,1,0,0,['gossipcop'],0.0
blogs.rollcall.com,1,0,0,['politifact'],0.0
blogs.trendolizer.com,1,0,0,['politifact'],0.0
blogs.wsj.com,1,0,0,['politifact'],0.0
bloody-disgusting.com,2,0,0,['gossipcop'],0.0
bloomberg.com,3,0,0,"['gossipcop', 'politifact']",0.0
bls.gov,4,0,0,['politifact'],0.0
bluedotdaily.com,1,0,0,['politifact'],0.0
bnn.org,5,0,0,['gossipcop'],0.0
boards.cruisecritic.com,1,0,0,['gossipcop'],0.0
bobbybones.iheart.com,3,0,0,['gossipcop'],0.0
boingboing.net,2,0,0,"['gossipcop', 'politifact']",0.0
bojtv.com,98,0,0,['gossipcop'],0.0
bonappetit.com,1,0,0,['gossipcop'],0.0
books.google.com,9,0,0,['gossipcop'],0.0
boredpanda.com,1,0,0,['gossipcop'],0.0
bossip.com,10,0,0,['gossipcop'],0.0
boston.cbslocal.com,1,0,0,['gossipcop'],0.0
boston.com,2,0,0,"['gossipcop', 'politifact']",0.0
bostonglobe.com,5,0,0,['gossipcop'],0.0
bostonherald.com,1,0,0,['gossipcop'],0.0
bostonmagazine.com,1,0,0,['gossipcop'],0.0
boundingintocomics.com,1,0,0,['gossipcop'],0.0
boutique8084.com,1,0,0,['gossipcop'],0.0
boxden.com,1,0,0,['gossipcop'],0.0
brain-sharper.com,1,0,0,['gossipcop'],0.0
brainstain.co.uk,1,0,0,['gossipcop'],0.0
bramptonguardian.com,6,0,0,['gossipcop'],0.0
bravotv.co.nz,1,0,0,['gossipcop'],0.0
bravotv.com,157,0,0,['gossipcop'],0.0
break.com,4,0,0,['gossipcop'],0.0
breakfastwithaudrey.com.au,1,0,0,['gossipcop'],0.0
breaking13news.com,1,0,0,['politifact'],0.0
breakingfeedz.com,1,0,0,['gossipcop'],0.0
breakingnews247.net,2,0,0,['politifact'],0.0
breakingnews365.net,3,0,0,['politifact'],0.0
breaklondon.co.uk.yellow.mysitehosted.com,1,0,0,['gossipcop'],0.0
breatheheavy.com,1,0,0,['gossipcop'],0.0
breitbart.com,5,0,0,"['gossipcop', 'politifact']",0.0
brianfalduto.com,1,0,0,['gossipcop'],0.0
brides.com,41,0,0,['gossipcop'],0.0
bridesmagazine.co.uk,1,0,0,['gossipcop'],0.0
brighthorizons.com,1,0,0,['politifact'],0.0
brit.co,31,0,0,['gossipcop'],0.0
britannica.com,3,0,0,['gossipcop'],0.0
britneyspears.com.br,1,0,0,['gossipcop'],0.0
broadly.vice.com,1,0,0,['gossipcop'],0.0
broadway.com,2,0,0,['gossipcop'],0.0
broadwaydirect.com,1,0,0,['gossipcop'],0.0
broadwayworld.com,9,0,0,['gossipcop'],0.0
brobible.com,2,0,0,['gossipcop'],0.0
brokensilenze.net,1,0,0,['gossipcop'],0.0
bronxentertainment.blogspot.com,1,0,0,['gossipcop'],0.0
bstrongdeliveringgood.org,1,0,0,['gossipcop'],0.0
buro247.me,1,0,0,['gossipcop'],0.0
business-standard.com,4,0,0,['gossipcop'],0.0
businessinsider.com,116,0,0,"['gossipcop', 'politifact']",0.0
businessinsider.com.au,2,0,0,['gossipcop'],0.0
businessinsider.in,1,0,0,['gossipcop'],0.0
businesswire.com,2,0,0,['gossipcop'],0.0
bustle.com,148,0,0,['gossipcop'],0.0
buycelebrityclothes.com,7,0,0,['gossipcop'],0.0
buzzfeed.com,15,0,0,['gossipcop'],0.0
buzzfeednews.com,2,0,0,['gossipcop'],0.0
buzznews.co.uk,34,0,0,['gossipcop'],0.0
buzzx.wordpress.com,1,0,0,['gossipcop'],0.0
buzzyoo.com,2,0,0,['gossipcop'],0.0
byrdie.com,8,0,0,['gossipcop'],0.0
c-span.org,3,0,0,['politifact'],0.0
ca.hellomagazine.com,12,0,0,['gossipcop'],0.0
caffertyfile.blogs.cnn.com,1,0,0,['gossipcop'],0.0
cagesideseats.com,1,0,0,['gossipcop'],0.0
cairnspost.com.au,3,0,0,['gossipcop'],0.0
calgaryherald.com,1,0,0,['gossipcop'],0.0
calgarysun.com,3,0,0,['gossipcop'],0.0
cambridge-news.co.uk,1,0,0,['gossipcop'],0.0
canada-headlines.com,1,0,0,['gossipcop'],0.0
canada-today.com,6,0,0,['gossipcop'],0.0
cancer.trendolizer.com,1,0,0,['gossipcop'],0.0
candy95.com,2,0,0,['gossipcop'],0.0
candymag.com,1,0,0,['gossipcop'],0.0
canoe.com,4,0,0,['gossipcop'],0.0
capelino.com,1,0,0,['gossipcop'],0.0
capitalfm.co.ke,1,0,0,['gossipcop'],0.0
capitalfm.com,11,0,0,['gossipcop'],0.0
capitalxtra.com,4,0,0,['gossipcop'],0.0
caras.com.mx,1,0,0,['gossipcop'],0.0
cardschat.com,1,0,0,['gossipcop'],0.0
care.com,2,0,0,['gossipcop'],0.0
careertrend.com,1,0,0,['gossipcop'],0.0
cash-servis.ru,1,0,0,['gossipcop'],0.0
catchnews.com,1,0,0,['gossipcop'],0.0
cbc.ca,7,0,0,['gossipcop'],0.0
cbo.gov,8,0,0,['politifact'],0.0
cbr.com,4,0,0,['gossipcop'],0.0
cbs.com,12,0,0,['gossipcop'],0.0
cbs8.com,3,0,0,['gossipcop'],0.0
cbsnews.com,70,0,0,"['gossipcop', 'politifact']",0.0
cbssports.com,5,0,0,['gossipcop'],0.0
cdc.gov,4,0,0,['politifact'],0.0
celebdirtylaundry.com,21,0,0,['gossipcop'],0.0
celebheights.com,1,0,0,['gossipcop'],0.0
celebitchy.com,21,0,0,['gossipcop'],0.0
celebmix.com,3,0,0,['gossipcop'],0.0
celebnews.gr,1,0,0,['gossipcop'],0.0
celebposter.com,4,0,0,['gossipcop'],0.0
celebretainment.com,8,0,0,['gossipcop'],0.0
celebritieswhogive.com,1,0,0,['gossipcop'],0.0
celebrity.nine.com.au,9,0,0,['gossipcop'],0.0
celebritybabyscoop.com,1,0,0,['gossipcop'],0.0
celebritygossippics.com,5,0,0,['gossipcop'],0.0
celebrityinside.com,1,0,0,['gossipcop'],0.0
celebrityinsider.org,154,0,0,['gossipcop'],0.0
celebritymaximum.com,8,0,0,['gossipcop'],0.0
celebritynetworth.com,103,0,0,['gossipcop'],0.0
celebsgo.com,1,0,0,['gossipcop'],0.0
celebsnow.co.uk,2,0,0,['gossipcop'],0.0
celebuzz.com,10,0,0,['gossipcop'],0.0
celebyolo.com,1,0,0,['gossipcop'],0.0
census.gov,2,0,0,['politifact'],0.0
cesarsway.com,1,0,0,['gossipcop'],0.0
cfda.com,1,0,0,['gossipcop'],0.0
champagneandshade.com,1,0,0,['gossipcop'],0.0
channel24.co.za,10,0,0,['gossipcop'],0.0
channel24news.com,1,0,0,['politifact'],0.0
channelthreesixfive.com,1,0,0,['gossipcop'],0.0
charlesbrewer48125s.tumblr.com,3,0,0,['gossipcop'],0.0
charlotteobserver.com,1,0,0,['gossipcop'],0.0
charlotterestaurantweek.iheart.com,3,0,0,['gossipcop'],0.0
chasinthebuck.com,1,0,0,['gossipcop'],0.0
chatelaine.com,2,0,0,['gossipcop'],0.0
cheatsheet.com,59,0,0,['gossipcop'],0.0
checkpregnancy.com,1,0,0,['gossipcop'],0.0
chicago.suntimes.com,2,0,0,['gossipcop'],0.0
chicagosuntimes.live,1,0,0,['politifact'],0.0
chicagotribune.com,22,0,0,['gossipcop'],0.0
choc.org,1,0,0,['gossipcop'],0.0
chowhound.com,1,0,0,['gossipcop'],0.0
christforums.org,1,0,0,['politifact'],0.0
christianpost.com,32,0,0,['gossipcop'],0.0
christiantoday.com,3,0,0,['gossipcop'],0.0
christmasdailygifts.info,1,0,0,['politifact'],0.0
chron.com,3,0,0,['gossipcop'],0.0
cinemablend.com,19,0,0,['gossipcop'],0.0
citditewind.cf,1,0,0,['gossipcop'],0.0
cities97.iheart.com,1,0,0,['gossipcop'],0.0
citizenlink.org,1,0,0,['politifact'],0.0
citynews1130.com,1,0,0,['gossipcop'],0.0
clerk.house.gov,1,0,0,['politifact'],0.0
cleveland.com,1,0,0,['gossipcop'],0.0
click2houston.com,8,0,0,['gossipcop'],0.0
clip.fail,2,0,0,['gossipcop'],0.0
clip2mp3.org,1,0,0,['gossipcop'],0.0
clipkg.com,1,0,0,['gossipcop'],0.0
clipreview.net,1,0,0,['gossipcop'],0.0
clipsg.com,2,0,0,['gossipcop'],0.0
clipzui.com,2,0,0,['gossipcop'],0.0
clooneysopenhouse.com,2,0,0,['gossipcop'],0.0
closeronline.co.uk,2,0,0,['gossipcop'],0.0
closerweekly.com,30,0,0,['gossipcop'],0.0
clothesfreelife.com,1,0,0,['gossipcop'],0.0
cmaworld.com,1,0,0,['gossipcop'],0.0
cmch.tv,1,0,0,['gossipcop'],0.0
cmt.com,12,0,0,['gossipcop'],0.0
cmtcody.iheart.com,1,0,0,['gossipcop'],0.0
cnbc.com,16,0,0,['gossipcop'],0.0
cnet.com,6,0,0,['gossipcop'],0.0
cnn.com,124,0,0,"['gossipcop', 'politifact']",0.0
coed.com,2,0,0,['gossipcop'],0.0
colbertnation.com,2,0,0,['politifact'],0.0
collegefashion.net,1,0,0,['gossipcop'],0.0
collider.com,10,0,0,['gossipcop'],0.0
comedycentral.co.uk,1,0,0,['gossipcop'],0.0
comedyfeed.co.uk,15,0,0,['gossipcop'],0.0
comicbook.com,10,0,0,['gossipcop'],0.0
comingsoon.net,4,0,0,['gossipcop'],0.0
commonwealthfund.org,1,0,0,['politifact'],0.0
community.michaeljacksonhoaxforum.com,1,0,0,['gossipcop'],0.0
community.spotify.com,1,0,0,['gossipcop'],0.0
communitynewsblog.com,3,0,0,['gossipcop'],0.0
complex.com,36,0,0,['gossipcop'],0.0
computerworld.com.au,1,0,0,['gossipcop'],0.0
connecticutlifestyles.com,1,0,0,['gossipcop'],0.0
consequenceofsound.net,9,0,0,['gossipcop'],0.0
conservative-headlines.com,1,0,0,['politifact'],0.0
conservative7.com,1,0,0,['politifact'],0.0
conservativedailypost.com,2,0,0,['politifact'],0.0
conservativepost.com,1,0,0,['politifact'],0.0
conservativestories.com,1,0,0,['politifact'],0.0
conservativetown.com,1,0,0,['politifact'],0.0
contactmusic.com,5,0,0,['gossipcop'],0.0
converse.com,1,0,0,['gossipcop'],0.0
cookiesandsangria.com,1,0,0,['gossipcop'],0.0
cornerstoneconfessions.com,1,0,0,['gossipcop'],0.0
corporate.wwe.com,1,0,0,['gossipcop'],0.0
cosmicbook.news,1,0,0,['gossipcop'],0.0
cosmopolitan.com,147,0,0,['gossipcop'],0.0
cosmopolitan.com.au,5,0,0,['gossipcop'],0.0
costumedesignersguild.com,2,0,0,['gossipcop'],0.0
counterculturemom.com,1,0,0,['gossipcop'],0.0
country929.com,1,0,0,['gossipcop'],0.0
countryfancast.com,2,0,0,['gossipcop'],0.0
countryliving.com,19,0,0,['gossipcop'],0.0
countryrebel.com,2,0,0,['gossipcop'],0.0
courant.com,1,0,0,['gossipcop'],0.0
courts.ca.gov,1,0,0,['gossipcop'],0.0
coventrytelegraph.net,1,0,0,['gossipcop'],0.0
coveteur.com,1,0,0,['gossipcop'],0.0
cpsc.gov,1,0,0,['politifact'],0.0
cq.com,17,0,0,['politifact'],0.0
cr.adleverage.com,1,0,0,['gossipcop'],0.0
creativeyadav.com,1,0,0,['gossipcop'],0.0
crfashionbook.com,3,0,0,['gossipcop'],0.0
crime.chicagotribune.com,1,0,0,['politifact'],0.0
criticschoice.com,2,0,0,['gossipcop'],0.0
crossroadstrading.com,1,0,0,['gossipcop'],0.0
csicop.org,1,0,0,['gossipcop'],0.0
csmonitor.com,1,0,0,['gossipcop'],0.0
cuinsight.com,1,0,0,['politifact'],0.0
cultivatingeducation.com,1,0,0,['gossipcop'],0.0
cupcakevineyards.com,1,0,0,['gossipcop'],0.0
cupidspulse.com,2,0,0,['gossipcop'],0.0
cvikas.com,1,0,0,['politifact'],0.0
cybersecurity-insiders.com,1,0,0,['gossipcop'],0.0
cynopsis.com,1,0,0,['gossipcop'],0.0
d23.com,1,0,0,['gossipcop'],0.0
daily-vine.com,1,0,0,['politifact'],0.0
dailyadvent.com,1,0,0,['gossipcop'],0.0
dailybreak.com,1,0,0,['gossipcop'],0.0
dailybuzzlive.com,1,0,0,['politifact'],0.0
dailycaller.com,3,0,0,['gossipcop'],0.0
dailydings.com,1,0,0,['gossipcop'],0.0
dailyedge.ie,6,0,0,['gossipcop'],0.0
dailyfeed.news,4,0,0,['politifact'],0.0
dailygawk.com,6,0,0,['gossipcop'],0.0
dailyheadlines.net,1,0,0,['politifact'],0.0
dailyherald.com,1,0,0,['gossipcop'],0.0
dailymail.co.uk,964,0,0,['gossipcop'],0.0
dailymotion.com,12,0,0,['gossipcop'],0.0
dailynative.us,1,0,0,['politifact'],0.0
dailynews.com,3,0,0,['gossipcop'],0.0
dailynews.news,58,0,0,['gossipcop'],0.0
dailynewsonline.com,1,0,0,['gossipcop'],0.0
dailystar.co.uk,12,0,0,['gossipcop'],0.0
dailytelegraph.com.au,6,0,0,['gossipcop'],0.0
dailytimes.com.pk,4,0,0,['gossipcop'],0.0
dailytribune.org,3,0,0,['gossipcop'],0.0
dailyworldupdate.us,3,0,0,['politifact'],0.0
dallas.culturemap.com,1,0,0,['gossipcop'],0.0
dallasblack.com,2,0,0,['gossipcop'],0.0
darlingafrica.com,1,0,0,['gossipcop'],0.0
data.bls.gov,4,0,0,['politifact'],0.0
data.unhcr.org,1,0,0,['politifact'],0.0
datalounge.com,4,0,0,['gossipcop'],0.0
datingwomen.betterelationships.com,1,0,0,['gossipcop'],0.0
dawnofcomics.com,1,0,0,['gossipcop'],0.0
daytondailynews.com,2,0,0,['gossipcop'],0.0
dazeddigital.com,2,0,0,['gossipcop'],0.0
de.wikipedia.org,1,0,0,['gossipcop'],0.0
deadline.com,159,0,0,['gossipcop'],0.0
dealnews.com,1,0,0,['gossipcop'],0.0
deccanchronicle.com,4,0,0,['gossipcop'],0.0
decider.com,1,0,0,['gossipcop'],0.0
defenselink.mil,1,0,0,['politifact'],0.0
dejavu-intl.com,5,0,0,['gossipcop'],0.0
dekhmedia.blogspot.com,1,0,0,['gossipcop'],0.0
delegatenews.com,1,0,0,['gossipcop'],0.0
delish.com,4,0,0,['gossipcop'],0.0
democrats-oversight.house.gov,1,0,0,['politifact'],0.0
demosly.com,1,0,0,['gossipcop'],0.0
denofgeek.com,10,0,0,['gossipcop'],0.0
departures.com,2,0,0,['gossipcop'],0.0
deseretnews.com,1,0,0,['gossipcop'],0.0
desertsun.com,1,0,0,['gossipcop'],0.0
desmoinesregister.com,6,0,0,"['gossipcop', 'politifact']",0.0
detroit.cbslocal.com,1,0,0,['gossipcop'],0.0
dga.org,2,0,0,['gossipcop'],0.0
diamondandsilk.americandailynews.org,1,0,0,['politifact'],0.0
dianalegacy.com,1,0,0,['gossipcop'],0.0
dickclark.com,1,0,0,['gossipcop'],0.0
dictionary.com,1,0,0,['gossipcop'],0.0
diffuser.fm,1,0,0,['gossipcop'],0.0
digg.com,1,0,0,['gossipcop'],0.0
digitalspy.com,28,0,0,['gossipcop'],0.0
digitaltrends.com,4,0,0,['gossipcop'],0.0
digviral.com,4,0,0,['gossipcop'],0.0
diply.com,1,0,0,['gossipcop'],0.0
directexpose.com,2,0,0,['gossipcop'],0.0
disaster.trendolizer.com,2,0,0,['politifact'],0.0
disclose.tv,1,0,0,['politifact'],0.0
discogs.com,1,0,0,['gossipcop'],0.0
discussion.femalefirst.co.uk,13,0,0,['gossipcop'],0.0
disney.ph,1,0,0,['gossipcop'],0.0
disney.trendolizer.com,3,0,0,['gossipcop'],0.0
disney.wikia.com,2,0,0,['gossipcop'],0.0
disneygeekery.com,1,0,0,['gossipcop'],0.0
disneyparks.disney.go.com,3,0,0,['gossipcop'],0.0
disneytouristblog.com,1,0,0,['gossipcop'],0.0
disneyworld.disney.go.com,1,0,0,['gossipcop'],0.0
distractify.com,4,0,0,['gossipcop'],0.0
dlisted.com,1,0,0,['gossipcop'],0.0
dmgnews.com,1,0,0,['gossipcop'],0.0
dnaindia.com,6,0,0,['gossipcop'],0.0
docquery.fec.gov,1,0,0,['politifact'],0.0
docs.daviecountync.gov,1,0,0,['gossipcop'],0.0
docshop.com,1,0,0,['gossipcop'],0.0
documentcloud.org,1,0,0,['politifact'],0.0
documents.nytimes.com,1,0,0,['politifact'],0.0
dodoodad.com,1,0,0,['gossipcop'],0.0
doe.mass.edu,1,0,0,['politifact'],0.0
dogster.com,1,0,0,['gossipcop'],0.0
donaldtrainews.blogspot.com,1,0,0,['politifact'],0.0
dondadda.co.uk,2,0,0,['gossipcop'],0.0
dooce1.blogspot.com,1,0,0,['gossipcop'],0.0
doyouremember.com,2,0,0,['gossipcop'],0.0
dreadcentral.com,1,0,0,['gossipcop'],0.0
drliv.com,1,0,0,['gossipcop'],0.0
drrichardzeff.com,1,0,0,['gossipcop'],0.0
dstv.com,1,0,0,['gossipcop'],0.0
duffelblog.com,1,0,0,['politifact'],0.0
duggarfamily.com,2,0,0,['gossipcop'],0.0
durangoherald.com,1,0,0,['gossipcop'],0.0
duta.in,1,0,0,['gossipcop'],0.0
dw.com,1,0,0,['gossipcop'],0.0
easy93.com,1,0,0,['gossipcop'],0.0
easybranches.com,1,0,0,['gossipcop'],0.0
easydamus.com,1,0,0,['gossipcop'],0.0
eater.com,3,0,0,['gossipcop'],0.0
ebay.com,2,0,0,['gossipcop'],0.0
ebayproductfree.blogspot.com,1,0,0,['gossipcop'],0.0
ebecisparta.org,1,0,0,['gossipcop'],0.0
eblnews.com,1,0,0,['gossipcop'],0.0
ebony.com,4,0,0,['gossipcop'],0.0
ebru.co.ke,1,0,0,['gossipcop'],0.0
ecfr.gov,2,0,0,['politifact'],0.0
econewsmedia.org,1,0,0,['politifact'],0.0
economictimes.indiatimes.com,6,0,0,['gossipcop'],0.0
economist.com,2,0,0,"['gossipcop', 'politifact']",0.0
econotimes.com,3,0,0,['gossipcop'],0.0
ed.gov,1,0,0,['politifact'],0.0
edaily.co.ke,1,0,0,['gossipcop'],0.0
edayfm.com,1,0,0,['gossipcop'],0.0
edition.cnn.com,2,0,0,['politifact'],0.0
editorial.rottentomatoes.com,2,0,0,['gossipcop'],0.0
edmontonsun.com,1,0,0,['gossipcop'],0.0
eefvy.co,1,0,0,['gossipcop'],0.0
efair.tv,1,0,0,['gossipcop'],0.0
efe.com,1,0,0,['gossipcop'],0.0
eia.gov,2,0,0,['politifact'],0.0
elections.nytimes.com,1,0,0,['politifact'],0.0
elifestyle.xyz,1,0,0,['gossipcop'],0.0
elitedaily.com,63,0,0,['gossipcop'],0.0
elizabeth-olsen.com,1,0,0,['gossipcop'],0.0
elle.com,205,0,0,['gossipcop'],0.0
elle.com.au,8,0,0,['gossipcop'],0.0
elledecor.com,4,0,0,['gossipcop'],0.0
ellentube.com,7,0,0,['gossipcop'],0.0
elsa.berkeley.edu,1,0,0,['politifact'],0.0
emirates247.com,3,0,0,['gossipcop'],0.0
emirateswoman.com,1,0,0,['gossipcop'],0.0
emmys.com,3,0,0,['gossipcop'],0.0
empirenews.net,2,0,0,['politifact'],0.0
empireonline.com,1,0,0,['gossipcop'],0.0
empiresports.co,1,0,0,['politifact'],0.0
empoweringastrology.com,1,0,0,['gossipcop'],0.0
emsnews.wordpress.com,1,0,0,['politifact'],0.0
en.koreaportal.com,1,0,0,['gossipcop'],0.0
en.mediamass.net,1,0,0,['gossipcop'],0.0
en.oxforddictionaries.com,1,0,0,['gossipcop'],0.0
en.paperblog.com,48,0,0,['gossipcop'],0.0
en.vogue.fr,2,0,0,['gossipcop'],0.0
en.wikipedia.org,741,0,0,['gossipcop'],0.0
en.wikiquote.org,3,0,0,['gossipcop'],0.0
en.wiktionary.org,1,0,0,['gossipcop'],0.0
en.yibada.com,1,0,0,['gossipcop'],0.0
encyclopediaofarkansas.net,1,0,0,['gossipcop'],0.0
endofound.org,1,0,0,['gossipcop'],0.0
energycommerce.house.gov,1,0,0,['politifact'],0.0
energyindy.com,2,0,0,['gossipcop'],0.0
englishbaby.com,1,0,0,['gossipcop'],0.0
enigmablack.com,1,0,0,['gossipcop'],0.0
enstarz.com,5,0,0,['gossipcop'],0.0
entertainment.ie,2,0,0,['gossipcop'],0.0
entertainment.inquirer.net,3,0,0,['gossipcop'],0.0
entertainmentdaily.co.uk,6,0,0,['gossipcop'],0.0
entertainmentextravaganza.org.uk,1,0,0,['gossipcop'],0.0
entertainmentsportdaily.wordpress.com,1,0,0,['gossipcop'],0.0
entitymag.com,1,0,0,['gossipcop'],0.0
entrepreneur.com,1,0,0,['gossipcop'],0.0
envelope.latimes.com,1,0,0,['gossipcop'],0.0
eonline.com,154,0,0,['gossipcop'],0.0
eonlineceleb.blogspot.com,2,0,0,['gossipcop'],0.0
epi.org,1,0,0,['politifact'],0.0
es.xfinity.com,1,0,0,['gossipcop'],0.0
esiworldnews.blogspot.com,1,0,0,['gossipcop'],0.0
espn.com,7,0,0,['gossipcop'],0.0
espn1530.iheart.com,1,0,0,['gossipcop'],0.0
espn961.iheart.com,1,0,0,['gossipcop'],0.0
espnmediazone.com,1,0,0,['gossipcop'],0.0
esquire.com,12,0,0,['gossipcop'],0.0
essence.com,17,0,0,['gossipcop'],0.0
essentialkids.com.au,1,0,0,['gossipcop'],0.0
etalk.ca,2,0,0,['gossipcop'],0.0
etcanada.com,21,0,0,['gossipcop'],0.0
eternallifestyle.com,3,0,0,['gossipcop'],0.0
ethnicelebs.com,1,0,0,['gossipcop'],0.0
etonline.com,666,0,0,['gossipcop'],0.0
euronews.com,1,0,0,['gossipcop'],0.0
eurweb.com,2,0,0,['gossipcop'],0.0
eva-nyc.com,1,0,0,['gossipcop'],0.0
evanjenkins.house.gov,1,0,0,['politifact'],0.0
eveningexpress.co.uk,1,0,0,['gossipcop'],0.0
eveningw.com,2,0,0,['politifact'],0.0
everydayviralnews.com,1,0,0,['gossipcop'],0.0
evoke.ie,3,0,0,['gossipcop'],0.0
ew.com,255,0,0,['gossipcop'],0.0
ewn.co.za,7,0,0,['gossipcop'],0.0
exclaim.ca,1,0,0,['gossipcop'],0.0
exclusive103.com,1,0,0,['politifact'],0.0
expatwoman.com,1,0,0,['gossipcop'],0.0
express.co.uk,71,0,0,['gossipcop'],0.0
extratv.com,45,0,0,['gossipcop'],0.0
fabletics.com,1,0,0,['gossipcop'],0.0
facebook.com,8,0,0,['politifact'],0.0
fahihh.co,1,0,0,['gossipcop'],0.0
fairfield.dailyvoice.com,1,0,0,['gossipcop'],0.0
faithit.com,1,0,0,['gossipcop'],0.0
fame10.com,8,0,0,['gossipcop'],0.0
famefocus.com,1,0,0,['gossipcop'],0.0
familydoctor.org,1,0,0,['gossipcop'],0.0
famousbirthdays.com,1,0,0,['gossipcop'],0.0
famousfix.com,3,0,0,['gossipcop'],0.0
fanfest.com,1,0,0,['gossipcop'],0.0
fansided.com,1,0,0,['gossipcop'],0.0
fansoftaylor.com,1,0,0,['gossipcop'],0.0
fashionbeans.com,1,0,0,['gossipcop'],0.0
fashionbombdaily.com,1,0,0,['gossipcop'],0.0
fashionisers.com,1,0,0,['gossipcop'],0.0
fashionista.com,12,0,0,['gossipcop'],0.0
fashionmagazine.com,12,0,0,['gossipcop'],0.0
fashionweekdaily.com,1,0,0,['gossipcop'],0.0
fastcompany.com,4,0,0,['gossipcop'],0.0
fatherly.com,3,0,0,['gossipcop'],0.0
fda.gov,1,0,0,['politifact'],0.0
fdic.gov,1,0,0,['politifact'],0.0
fedupthebook.com,1,0,0,['politifact'],0.0
feedbox.com,8,0,0,['gossipcop'],0.0
feedstripes.com,2,0,0,['gossipcop'],0.0
fellowshipoftheminds.com,1,0,0,['politifact'],0.0
femalefirst.co.uk,3,0,0,['gossipcop'],0.0
femestella.com,1,0,0,['gossipcop'],0.0
femina.in,1,0,0,['gossipcop'],0.0
feminism.trendolizer.com,2,0,0,['gossipcop'],0.0
festival-cannes.com,1,0,0,['gossipcop'],0.0
fevermagazine.com,1,0,0,['gossipcop'],0.0
fierce.wearemitu.com,1,0,0,['gossipcop'],0.0
fifa.com,1,0,0,['gossipcop'],0.0
figureskatersonline.com,1,0,0,['gossipcop'],0.0
finance.yahoo.com,10,0,0,['gossipcop'],0.0
financehighlights.com,1,0,0,['gossipcop'],0.0
financialnewsusa.com,1,0,0,['gossipcop'],0.0
finapp.co.in,1,0,0,['gossipcop'],0.0
findarticles.com,1,0,0,['politifact'],0.0
finder.com,1,0,0,['gossipcop'],0.0
findinista.com,1,0,0,['gossipcop'],0.0
firstladyb.com,2,0,0,['gossipcop'],0.0
firstpost.com,4,0,0,"['gossipcop', 'politifact']",0.0
fitpregnancy.com,2,0,0,['gossipcop'],0.0
fkhsk.me,1,0,0,['gossipcop'],0.0
flake.senate.gov,1,0,0,['politifact'],0.0
flare.com,5,0,0,['gossipcop'],0.0
flashnewscorner.com,1,0,0,['politifact'],0.0
flashnewss.club,2,0,0,['politifact'],0.0
flickr.com,5,0,0,['gossipcop'],0.0
flipboard.com,1,0,0,['gossipcop'],0.0
floor8.com,13,0,0,['gossipcop'],0.0
flotrack.org,1,0,0,['gossipcop'],0.0
fm106.iheart.com,1,0,0,['gossipcop'],0.0
fnp.com,1,0,0,['gossipcop'],0.0
follownews.com,5,0,0,['gossipcop'],0.0
foodandwine.com,2,0,0,['gossipcop'],0.0
foodnetwork.com,1,0,0,['gossipcop'],0.0
fool.com,1,0,0,['gossipcop'],0.0
footwearnews.com,11,0,0,['gossipcop'],0.0
forbes.com,67,0,0,"['gossipcop', 'politifact']",0.0
foreign.senate.gov,1,0,0,['politifact'],0.0
foreveramber.co.uk,1,0,0,['gossipcop'],0.0
forfreedomworld.com,1,0,0,['politifact'],0.0
forlipliner.blogspot.com,1,0,0,['gossipcop'],0.0
fortune.com,18,0,0,['gossipcop'],0.0
forum.beyond-beautiful.com,1,0,0,['gossipcop'],0.0
forum.wordreference.com,1,0,0,['gossipcop'],0.0
forums.previously.tv,9,0,0,['gossipcop'],0.0
forums.spacebattles.com,1,0,0,['politifact'],0.0
forward.com,4,0,0,['gossipcop'],0.0
fox.com,2,0,0,['gossipcop'],0.0
fox10phoenix.com,1,0,0,['gossipcop'],0.0
fox26houston.com,1,0,0,['gossipcop'],0.0
fox2now.com,1,0,0,['gossipcop'],0.0
fox40.com,1,0,0,['gossipcop'],0.0
fox5dc.com,1,0,0,['politifact'],0.0
fox6now.com,2,0,0,['gossipcop'],0.0
foxella.com,1,0,0,['gossipcop'],0.0
foxnews.com,136,0,0,"['gossipcop', 'politifact']",0.0
foxnewssports.site,1,0,0,['gossipcop'],0.0
foxsports.com,1,0,0,['gossipcop'],0.0
foxync.com,2,0,0,['gossipcop'],0.0
freaksugar.com,1,0,0,['gossipcop'],0.0
freedomdaily.com,2,0,0,['politifact'],0.0
freeform.go.com,2,0,0,['gossipcop'],0.0
freeinfomedia.com,1,0,0,['politifact'],0.0
freep.com,3,0,0,['gossipcop'],0.0
freshveggies.co,1,0,0,['gossipcop'],0.0
fresnobee.com,1,0,0,['gossipcop'],0.0
friendphonespy.gayatrijoshi.online,1,0,0,['gossipcop'],0.0
friends.fandom.com,2,0,0,['gossipcop'],0.0
fromthegrapevine.com,1,0,0,['gossipcop'],0.0
frontdoorfashion.com,1,0,0,['gossipcop'],0.0
frostsnow.com,5,0,0,['gossipcop'],0.0
frwebgate.access.gpo.gov,5,0,0,['politifact'],0.0
fsis.usda.gov,1,0,0,['politifact'],0.0
ftw.usatoday.com,13,0,0,['gossipcop'],0.0
funny.trendolizer.com,1,0,0,['gossipcop'],0.0
fuse.tv,5,0,0,['gossipcop'],0.0
gagadaily.com,2,0,0,['gossipcop'],0.0
gaiam.com,1,0,0,['gossipcop'],0.0
gainesville.com,1,0,0,['gossipcop'],0.0
galoremag.com,1,0,0,['gossipcop'],0.0
gameofthrones.fandom.com,2,0,0,['gossipcop'],0.0
gamespot.com,3,0,0,['gossipcop'],0.0
gamesradar.com,1,0,0,['gossipcop'],0.0
gao.gov,1,0,0,['politifact'],0.0
garner315.rssing.com,1,0,0,['gossipcop'],0.0
gawker.com,1,0,0,['gossipcop'],0.0
gaystarnews.com,3,0,0,['gossipcop'],0.0
gaytimes.co.uk,2,0,0,['gossipcop'],0.0
geektyrant.com,1,0,0,['gossipcop'],0.0
gellerreport.com,1,0,0,['politifact'],0.0
genius.com,11,0,0,"['gossipcop', 'politifact']",0.0
genuine-people.com,1,0,0,['gossipcop'],0.0
geopolitica.ru,1,0,0,['politifact'],0.0
getfollowersand.wordpress.com,1,0,0,['gossipcop'],0.0
getleashedmag.com,1,0,0,['gossipcop'],0.0
gettheglitter.com,1,0,0,['gossipcop'],0.0
getuperica.com,1,0,0,['gossipcop'],0.0
ghanaweb.website,1,0,0,['politifact'],0.0
gingesbecray.com,1,0,0,['gossipcop'],0.0
giphy.com,1,0,0,['gossipcop'],0.0
girlfriend.com.au,12,0,0,['gossipcop'],0.0
girlslife.com,1,0,0,['gossipcop'],0.0
girlsofacertainage.com,1,0,0,['gossipcop'],0.0
girlsunlimited.org,1,0,0,['gossipcop'],0.0
gistblognaija.blogspot.com,1,0,0,['gossipcop'],0.0
github.com,1,0,0,['gossipcop'],0.0
glaad.org,1,0,0,['gossipcop'],0.0
glabellar55.rssing.com,1,0,0,['gossipcop'],0.0
glamour.co.za,1,0,0,['gossipcop'],0.0
glamour.com,95,0,0,['gossipcop'],0.0
glamourmagazine.co.uk,21,0,0,['gossipcop'],0.0
glamseamless.com,1,0,0,['gossipcop'],0.0
glittermagrocks.com,6,0,0,['gossipcop'],0.0
globalgrind.cassiuslife.com,1,0,0,['gossipcop'],0.0
globalnews.ca,23,0,0,['gossipcop'],0.0
globalsecurity.org,1,0,0,['politifact'],0.0
gloria.tv,1,0,0,['politifact'],0.0
glossybox.co.uk,1,0,0,['gossipcop'],0.0
goal.com,2,0,0,['gossipcop'],0.0
gobankingrates.com,4,0,0,['gossipcop'],0.0
godvine.com,1,0,0,['gossipcop'],0.0
goerie.com,1,0,0,['gossipcop'],0.0
goldderby.com,11,0,0,['gossipcop'],0.0
goldenglobes.com,1,0,0,['gossipcop'],0.0
goldismoney2.com,2,0,0,['gossipcop'],0.0
good.is,1,0,0,['gossipcop'],0.0
gooderaentertainment804839066.wordpress.com,3,0,0,['gossipcop'],0.0
goodhousekeeping.co.za,1,0,0,['gossipcop'],0.0
goodhousekeeping.com,15,0,0,['gossipcop'],0.0
goodreads.com,1,0,0,['gossipcop'],0.0
goop.com,1,0,0,['gossipcop'],0.0
gossip-addict.com,1,0,0,['gossipcop'],0.0
gossipbucket.com,62,0,0,['gossipcop'],0.0
gossipgirl.wikia.com,2,0,0,['gossipcop'],0.0
gossiplovers.com,3,0,0,['gossipcop'],0.0
gossipnewspoint.com,3,0,0,['gossipcop'],0.0
gossipthot.wordpress.com,2,0,0,['gossipcop'],0.0
govtrack.us,2,0,0,['politifact'],0.0
gpo.gov,2,0,0,['politifact'],0.0
gq-magazine.co.uk,2,0,0,['gossipcop'],0.0
gq.com,14,0,0,['gossipcop'],0.0
grammy.com,7,0,0,['gossipcop'],0.0
grandcafekarakter.nl,1,0,0,['gossipcop'],0.0
graphics.nra.org,1,0,0,['politifact'],0.0
grazia.com.au,1,0,0,['gossipcop'],0.0
graziadaily.co.uk,1,0,0,['gossipcop'],0.0
greentechmedia.com,1,0,0,['politifact'],0.0
greys.fandom.com,2,0,0,['gossipcop'],0.0
greysanatomy.fandom.com,5,0,0,['gossipcop'],0.0
groupeleven.com,1,0,0,['gossipcop'],0.0
guardian.co.uk,1,0,0,['politifact'],0.0
guardian.ng,1,0,0,['gossipcop'],0.0
gucci.com,1,0,0,['gossipcop'],0.0
guestofaguest.com,1,0,0,['gossipcop'],0.0
guidelive.com,1,0,0,['gossipcop'],0.0
gulfnews.com,3,0,0,['gossipcop'],0.0
gunnarpeterson.com,1,0,0,['gossipcop'],0.0
gunrights.trendolizer.com,1,0,0,['politifact'],0.0
gurl.com,4,0,0,['gossipcop'],0.0
guttmacher.org,1,0,0,['politifact'],0.0
gzoho.com,1,0,0,['gossipcop'],0.0
haaretz.com,1,0,0,['politifact'],0.0
halfwaypost.com,1,0,0,['politifact'],0.0
hallmarkchannel.com,1,0,0,['gossipcop'],0.0
halloweencostumes.com,1,0,0,['gossipcop'],0.0
handphone-blackmarket.tk,1,0,0,['gossipcop'],0.0
happylandings.club,1,0,0,['gossipcop'],0.0
harpersbazaar.com,156,0,0,['gossipcop'],0.0
harpersbazaar.com.au,7,0,0,['gossipcop'],0.0
harpersbazaar.com.sg,4,0,0,['gossipcop'],0.0
hauteliving.com,3,0,0,['gossipcop'],0.0
hauteresidence.com,1,0,0,['gossipcop'],0.0
haystack.tv,1,0,0,['gossipcop'],0.0
hbo.com,3,0,0,['gossipcop'],0.0
headlinebooth.com,1,0,0,['gossipcop'],0.0
health.com,7,0,0,['gossipcop'],0.0
healthbreakingnews.net,1,0,0,['gossipcop'],0.0
heart.co.uk,1,0,0,['gossipcop'],0.0
heatcelebnews.com,3,0,0,['gossipcop'],0.0
heatworld.com,3,0,0,['gossipcop'],0.0
heavy.com,7,0,0,['gossipcop'],0.0
heightline.com,5,0,0,['gossipcop'],0.0
helenastales.weebly.com,1,0,0,['gossipcop'],0.0
hellobeautiful.com,1,0,0,['gossipcop'],0.0
helloforos.com,1,0,0,['politifact'],0.0
hellogiggles.com,79,0,0,['gossipcop'],0.0
helloglow.co,1,0,0,['gossipcop'],0.0
hellomagazine.com,48,0,0,['gossipcop'],0.0
her.ie,13,0,0,['gossipcop'],0.0
heraldsun.com.au,2,0,0,['gossipcop'],0.0
hercampus.com,2,0,0,['gossipcop'],0.0
hermoments.com,1,0,0,['gossipcop'],0.0
herworld.com,2,0,0,['gossipcop'],0.0
heyalma.com,1,0,0,['gossipcop'],0.0
hgtv.com,3,0,0,['gossipcop'],0.0
hiddenremote.com,1,0,0,['gossipcop'],0.0
hiderou1.rssing.com,1,0,0,['gossipcop'],0.0
higherperspectives.com,1,0,0,['politifact'],0.0
highlighthollywood.com,1,0,0,['gossipcop'],0.0
highsnobiety.com,7,0,0,['gossipcop'],0.0
hilltopmonitor.com,1,0,0,['gossipcop'],0.0
hindustantimes.com,18,0,0,['gossipcop'],0.0
hiphopwired.com,2,0,0,['gossipcop'],0.0
hiplatina.com,5,0,0,['gossipcop'],0.0
hishairclinic.com,1,0,0,['gossipcop'],0.0
hispanaglobal.net,1,0,0,['gossipcop'],0.0
history.com,2,0,0,['gossipcop'],0.0
historyextra.com,1,0,0,['gossipcop'],0.0
hittvibe.wordpress.com,1,0,0,['gossipcop'],0.0
hollywood.com,3,0,0,['gossipcop'],0.0
hollywoodclubcrawl.com,1,0,0,['gossipcop'],0.0
hollywoodholler.com,1,0,0,['gossipcop'],0.0
hollywoodlife.com,524,0,0,['gossipcop'],0.0
hollywoodreporter.com,330,0,0,"['gossipcop', 'politifact']",0.0
home.bt.com,2,0,0,['gossipcop'],0.0
homegoods.com,1,0,0,['gossipcop'],0.0
homelessholocaust.wordpress.com,1,0,0,['politifact'],0.0
honey.nine.com.au,2,0,0,['gossipcop'],0.0
hongkongcityportal.com,1,0,0,['gossipcop'],0.0
hornet.com,2,0,0,['gossipcop'],0.0
hot1039.com,2,0,0,['gossipcop'],0.0
hot1047maine.com,1,0,0,['gossipcop'],0.0
hot1061.com,1,0,0,['gossipcop'],0.0
hot933hits.com,3,0,0,['gossipcop'],0.0
hot963.com,1,0,0,['gossipcop'],0.0
hot969boston.com,1,0,0,['gossipcop'],0.0
hot981.com,1,0,0,['gossipcop'],0.0
hotgazette.com,1,0,0,['politifact'],0.0
hotlifestylenews.com,2,0,0,['gossipcop'],0.0
hotnewhiphop.com,12,0,0,['gossipcop'],0.0
hottubresorts.com,1,0,0,['gossipcop'],0.0
house.gov,1,0,0,['politifact'],0.0
housebeautiful.com,2,0,0,['gossipcop'],0.0
housekaboodle.com,1,0,0,['gossipcop'],0.0
houstonpost.co,1,0,0,['politifact'],0.0
houstonpress.com,1,0,0,['gossipcop'],0.0
howafrica.com,1,0,0,['politifact'],0.0
howardstern.com,2,0,0,['gossipcop'],0.0
howtogeek.com,1,0,0,['gossipcop'],0.0
hqgolg.co,1,0,0,['gossipcop'],0.0
hsn.com,1,0,0,['gossipcop'],0.0
huffingtonpost.ca,11,0,0,['gossipcop'],0.0
huffingtonpost.co.uk,1,0,0,['gossipcop'],0.0
huffingtonpost.co.za,1,0,0,['gossipcop'],0.0
huffingtonpost.com,102,0,0,"['gossipcop', 'politifact']",0.0
huffingtonpost.com.au,3,0,0,['gossipcop'],0.0
huffpost.com,8,0,0,['gossipcop'],0.0
hugtdy.co,1,0,0,['gossipcop'],0.0
hulu.com,1,0,0,['gossipcop'],0.0
huntpoll.com,3,0,0,['gossipcop'],0.0
hurricanecategory.com,1,0,0,['gossipcop'],0.0
huzlers.com,1,0,0,['politifact'],0.0
hwtm.com,1,0,0,['gossipcop'],0.0
hxgdf.co,1,0,0,['gossipcop'],0.0
hypable.com,3,0,0,['gossipcop'],0.0
hype.my,1,0,0,['gossipcop'],0.0
hypebae.com,1,0,0,['gossipcop'],0.0
hyperactivz.com,1,0,0,['gossipcop'],0.0
i-d.vice.com,1,0,0,['gossipcop'],0.0
i.stuff.co.nz,1,0,0,['gossipcop'],0.0
ibtimes.co.in,28,0,0,['gossipcop'],0.0
ibtimes.co.uk,18,0,0,['gossipcop'],0.0
ibtimes.com,40,0,0,['gossipcop'],0.0
ibtimes.sg,2,0,0,['gossipcop'],0.0
iburn.com,1,0,0,['gossipcop'],0.0
icel.edu.mx,1,0,0,['gossipcop'],0.0
ign.com,5,0,0,['gossipcop'],0.0
iheart.com,23,0,0,['gossipcop'],0.0
iheartradio.ca,9,0,0,['gossipcop'],0.0
iheartradio.com.au,1,0,0,['gossipcop'],0.0
iheartradio.net.nz,1,0,0,['gossipcop'],0.0
iheartuae.com,1,0,0,['gossipcop'],0.0
ilga.gov,2,0,0,['politifact'],0.0
imdb.com,145,0,0,['gossipcop'],0.0
imgur.com,1,0,0,['gossipcop'],0.0
imprintent.org,1,0,0,['gossipcop'],0.0
inc.com,2,0,0,['gossipcop'],0.0
independent.co.uk,90,0,0,"['gossipcop', 'politifact']",0.0
independent.ie,21,0,0,['gossipcop'],0.0
india.com,1,0,0,['gossipcop'],0.0
indianexpress.com,9,0,0,['gossipcop'],0.0
indiatoday.in,4,0,0,['gossipcop'],0.0
indiewire.com,31,0,0,['gossipcop'],0.0
indy100.com,2,0,0,['gossipcop'],0.0
influenster.com,1,0,0,['gossipcop'],0.0
info.nct.news,1,0,0,['politifact'],0.0
informationcradle.com,1,0,0,['gossipcop'],0.0
informationng.com,1,0,0,['gossipcop'],0.0
infowars.com,2,0,0,"['gossipcop', 'politifact']",0.0
inglewoodtoday.com,5,0,0,['gossipcop'],0.0
inlander.com,1,0,0,['gossipcop'],0.0
inquisitr.com,158,0,0,['gossipcop'],0.0
inshapetoday.com,1,0,0,['politifact'],0.0
insideedition.com,7,0,0,['gossipcop'],0.0
insideweddings.com,1,0,0,['gossipcop'],0.0
insighttrending.com,1,0,0,['gossipcop'],0.0
inspiremehomedecor.com,1,0,0,['gossipcop'],0.0
inspiringday.com,1,0,0,['politifact'],0.0
inspiringearthlings.com,2,0,0,['gossipcop'],0.0
instagram.com,3,0,0,['gossipcop'],0.0
instyle.com,128,0,0,['gossipcop'],0.0
instylemag.com.au,9,0,0,['gossipcop'],0.0
interviewmagazine.com,1,0,0,['gossipcop'],0.0
intomore.com,4,0,0,['gossipcop'],0.0
intothegloss.com,2,0,0,['gossipcop'],0.0
intouchweekly.com,92,0,0,['gossipcop'],0.0
inverse.com,6,0,0,"['gossipcop', 'politifact']",0.0
investigationdiscovery.com,1,0,0,['gossipcop'],0.0
investors.livenationentertainment.com,1,0,0,['gossipcop'],0.0
io9.gizmodo.com,4,0,0,['gossipcop'],0.0
iol.co.za,9,0,0,['gossipcop'],0.0
iphotography.club,1,0,0,['gossipcop'],0.0
ipopla.com,1,0,0,['gossipcop'],0.0
iqmediacorp.com,1,0,0,['politifact'],0.0
ir.jcpenney.com,1,0,0,['gossipcop'],0.0
irealhousewives.com,1,0,0,['gossipcop'],0.0
irishcentral.com,1,0,0,['gossipcop'],0.0
irishexaminer.com,10,0,0,['gossipcop'],0.0
irishmirror.ie,5,0,0,['gossipcop'],0.0
irishtimes.com,8,0,0,['gossipcop'],0.0
isalons.biz,1,0,0,['gossipcop'],0.0
islandpacket.com,1,0,0,['gossipcop'],0.0
ispot.tv,2,0,0,['gossipcop'],0.0
israelnationalnews.com,1,0,0,['gossipcop'],0.0
itechpost.com,1,0,0,['gossipcop'],0.0
itsblossom.com,3,0,0,['gossipcop'],0.0
itsurban.com,1,0,0,['gossipcop'],0.0
itv.com,1,0,0,['gossipcop'],0.0
j-14.com,16,0,0,['gossipcop'],0.0
j1045.com,2,0,0,['gossipcop'],0.0
jamesnews.com,8,0,0,['gossipcop'],0.0
jamrockmagazine.com,1,0,0,['gossipcop'],0.0
japantimes.co.jp,1,0,0,['gossipcop'],0.0
jasonmomoanews.com,2,0,0,['gossipcop'],0.0
jasonwustudio.com,1,0,0,['gossipcop'],0.0
jbhnews.com,1,0,0,['gossipcop'],0.0
jenniferaniston211.blogspot.com,1,0,0,['gossipcop'],0.0
jessica-biel.com,1,0,0,['gossipcop'],0.0
jetmag.com,1,0,0,['gossipcop'],0.0
jetsetter.com,2,0,0,['gossipcop'],0.0
jetss.com,3,0,0,['gossipcop'],0.0
jewelry-newsline.com,1,0,0,['gossipcop'],0.0
jezebel.com,9,0,0,['gossipcop'],0.0
jimcarreyonline.com,1,0,0,['gossipcop'],0.0
jis.gov.jm,1,0,0,['politifact'],0.0
jkrowling.com,1,0,0,['gossipcop'],0.0
joannavargas.com,1,0,0,['gossipcop'],0.0
joe.co.uk,1,0,0,['gossipcop'],0.0
joe.ie,2,0,0,['gossipcop'],0.0
jonalisblog.com,1,0,0,['gossipcop'],0.0
journalpost.com,5,0,0,['gossipcop'],0.0
jta.org,1,0,0,['gossipcop'],0.0
jukajukablog.blogspot.com,1,0,0,['gossipcop'],0.0
jumboreport.com,1,0,0,['politifact'],0.0
junkee.com,1,0,0,['gossipcop'],0.0
jurassicpark.wikia.com,1,0,0,['gossipcop'],0.0
justdial.com,4,0,0,['gossipcop'],0.0
justgiving.com,1,0,0,['gossipcop'],0.0
justice.gov,1,0,0,['politifact'],0.0
justinalexander.com,1,0,0,['gossipcop'],0.0
justinbieberretiring.blogspot.com,1,0,0,['gossipcop'],0.0
justjared.com,65,0,0,['gossipcop'],0.0
justjaredjr.com,13,0,0,['gossipcop'],0.0
justsomething.co,1,0,0,['gossipcop'],0.0
k92radio.com,16,0,0,['gossipcop'],0.0
kafkasdoor.com,1,0,0,['gossipcop'],0.0
kansascity.com,3,0,0,['gossipcop'],0.0
kardashiandish.com,3,0,0,['gossipcop'],0.0
kardashians.trendolizer.com,21,0,0,['gossipcop'],0.0
kardashiantoday.com,24,0,0,['gossipcop'],0.0
kare11.com,1,0,0,['gossipcop'],0.0
kartiavelino.com,47,0,0,['gossipcop'],0.0
katu.com,1,0,0,['gossipcop'],0.0
katyperry.trendolizer.com,5,0,0,['gossipcop'],0.0
kcci.com,1,0,0,['gossipcop'],0.0
kcrg.com,1,0,0,['gossipcop'],0.0
kdwb.iheart.com,3,0,0,['gossipcop'],0.0
keelyskorner.com,2,0,0,['gossipcop'],0.0
kellyandryan.com,2,0,0,['gossipcop'],0.0
kengarex.com,1,0,0,['gossipcop'],0.0
keprtv.com,1,0,0,['gossipcop'],0.0
kff.org,3,0,0,['politifact'],0.0
kfrog.radio.com,1,0,0,['gossipcop'],0.0
khaleejtimes.com,1,0,0,['gossipcop'],0.0
khou.com,1,0,0,['gossipcop'],0.0
kickn1035.com,1,0,0,['gossipcop'],0.0
kidney.org,1,0,0,['gossipcop'],0.0
kidspot.com.au,1,0,0,['gossipcop'],0.0
kiisfm.iheart.com,2,0,0,['gossipcop'],0.0
kimkardashianwest.com,1,0,0,['gossipcop'],0.0
king5.com,3,0,0,['gossipcop'],0.0
kinggossip.com,4,0,0,['gossipcop'],0.0
kiro7.com,1,0,0,['gossipcop'],0.0
kiss108.iheart.com,1,0,0,['gossipcop'],0.0
kiss925.com,1,0,0,['gossipcop'],0.0
kisscasper.com,1,0,0,['gossipcop'],0.0
kissottawa.com,1,0,0,['gossipcop'],0.0
klou.iheart.com,1,0,0,['gossipcop'],0.0
kncifm.com,1,0,0,['gossipcop'],0.0
knownetworth.com,1,0,0,['gossipcop'],0.0
knowyourmeme.com,1,0,0,['gossipcop'],0.0
knoxnews.com,1,0,0,['gossipcop'],0.0
kohls.com,1,0,0,['gossipcop'],0.0
kopitiambot.com,2,0,0,['gossipcop'],0.0
kost1035.iheart.com,1,0,0,['gossipcop'],0.0
kotaku.com,1,0,0,['gossipcop'],0.0
kqed.org,1,0,0,['gossipcop'],0.0
kreolmagazine.com,1,0,0,['gossipcop'],0.0
krmg.com,1,0,0,['gossipcop'],0.0
ksoo.com,1,0,0,['gossipcop'],0.0
ksskradio.iheart.com,1,0,0,['gossipcop'],0.0
ktla.com,1,0,0,['gossipcop'],0.0
ktu.iheart.com,3,0,0,['gossipcop'],0.0
ktvb.com,21,0,0,['gossipcop'],0.0
ktvsl.com,1,0,0,['gossipcop'],0.0
kvoo.com,1,0,0,['gossipcop'],0.0
kvue.com,1,0,0,['gossipcop'],0.0
kwtx.com,1,0,0,['gossipcop'],0.0
kxly.com,1,0,0,['gossipcop'],0.0
kysdc.com,1,0,0,['gossipcop'],0.0
la.curbed.com,2,0,0,['gossipcop'],0.0
lacalletv.com,1,0,0,['gossipcop'],0.0
lady-first.me,1,0,0,['gossipcop'],0.0
ladylibertysnews.com,1,0,0,['politifact'],0.0
lagostelevision.com,1,0,0,['gossipcop'],0.0
laineygossip.com,3,0,0,['gossipcop'],0.0
lansingstatejournal.com,1,0,0,['gossipcop'],0.0
last.fm,1,0,0,['gossipcop'],0.0
lastminutestuff.com,1,0,0,['gossipcop'],0.0
lastylemagazine.com,8,0,0,['gossipcop'],0.0
lasvegassun.com,1,0,0,['gossipcop'],0.0
later.com,1,0,0,['gossipcop'],0.0
latest.bvk.hu,1,0,0,['gossipcop'],0.0
latestgossipsite.125sites.com,3,0,0,['gossipcop'],0.0
latestly.com,1,0,0,['gossipcop'],0.0
latestplasticsurgery.com,1,0,0,['gossipcop'],0.0
latimes.com,40,0,0,['gossipcop'],0.0
latimesblogs.latimes.com,1,0,0,['politifact'],0.0
latina.com,5,0,0,['gossipcop'],0.0
latingrammy.com,1,0,0,['gossipcop'],0.0
latinpost.com,1,0,0,['gossipcop'],0.0
latintimes.com,5,0,0,['gossipcop'],0.0
lauren-fan.com,1,0,0,['gossipcop'],0.0
laurenconrad.com,3,0,0,['gossipcop'],0.0
law.cornell.edu,1,0,0,['politifact'],0.0
lawandorder.fandom.com,3,0,0,['gossipcop'],0.0
laweekly.com,1,0,0,['gossipcop'],0.0
lcidx.co,1,0,0,['gossipcop'],0.0
ledge.fleetwoodmac.net,1,0,0,['gossipcop'],0.0
legends1027.com,1,0,0,['gossipcop'],0.0
legis.state.ak.us,1,0,0,['politifact'],0.0
legis.wisconsin.gov,1,0,0,['politifact'],0.0
lennyletter.com,2,0,0,['gossipcop'],0.0
letsplayindex.com,1,0,0,['gossipcop'],0.0
level21mag.com,1,0,0,['gossipcop'],0.0
lgbtqnation.com,1,0,0,['gossipcop'],0.0
libertyheadlines.com,1,0,0,['politifact'],0.0
library.cqpress.com,1,0,0,['gossipcop'],0.0
lidblog.com,1,0,0,['politifact'],0.0
life.laseraway.com,1,0,0,['gossipcop'],0.0
lifeandstylemag.com,64,0,0,['gossipcop'],0.0
lifenews.com,1,0,0,['gossipcop'],0.0
lightworkers.com,1,0,0,['gossipcop'],0.0
lindaikejisblog.com,2,0,0,['gossipcop'],0.0
lionking.fandom.com,1,0,0,['gossipcop'],0.0
lipstickalley.com,14,0,0,['gossipcop'],0.0
lipstiq.com,1,0,0,['gossipcop'],0.0
litefm.iheart.com,1,0,0,['gossipcop'],0.0
lithub.com,1,0,0,['gossipcop'],0.0
littlethings.com,5,0,0,['gossipcop'],0.0
live955.com,1,0,0,['gossipcop'],0.0
liveabout.com,2,0,0,['gossipcop'],0.0
liveandletsfly.boardingarea.com,1,0,0,['gossipcop'],0.0
liveindex.co.uk,11,0,0,['gossipcop'],0.0
livenationproductions.com,1,0,0,['gossipcop'],0.0
liverampup.com,1,0,0,['gossipcop'],0.0
livestrong.com,3,0,0,['gossipcop'],0.0
ln.is,1,0,0,['gossipcop'],0.0
local10.com,1,0,0,['gossipcop'],0.0
loggedon.org,1,0,0,['gossipcop'],0.0
londonwebnews.com,1,0,0,['politifact'],0.0
lonewolfmag.com,1,0,0,['gossipcop'],0.0
longroom.com,562,0,0,['gossipcop'],0.0
look.co.uk,2,0,0,['gossipcop'],0.0
lookingforthepostman.com,1,0,0,['gossipcop'],0.0
looktothestars.org,1,0,0,['gossipcop'],0.0
looptonga.com,1,0,0,['gossipcop'],0.0
looptt.com,1,0,0,['gossipcop'],0.0
lorealparisusa.com,1,0,0,['gossipcop'],0.0
losangeles.cbslocal.com,2,0,0,['gossipcop'],0.0
loudersound.com,1,0,0,['gossipcop'],0.0
loudwire.com,1,0,0,['gossipcop'],0.0
lovestoriestv.com,1,0,0,['gossipcop'],0.0
lovethispic.com,1,0,0,['politifact'],0.0
lumens.com,1,0,0,['gossipcop'],0.0
lupusresearch.org,1,0,0,['gossipcop'],0.0
luxyhair.com,1,0,0,['gossipcop'],0.0
m.channel24.co.za,1,0,0,['gossipcop'],0.0
m.fame10.com,1,0,0,['gossipcop'],0.0
macduggal.com,1,0,0,['gossipcop'],0.0
macleans.ca,1,0,0,['gossipcop'],0.0
madamenoire.com,7,0,0,['gossipcop'],0.0
madeformums.com,1,0,0,['gossipcop'],0.0
madison.com,1,0,0,['gossipcop'],0.0
madnessmedia.net,1,0,0,['gossipcop'],0.0
madworldnews.com,1,0,0,['politifact'],0.0
maga2020.us,1,0,0,['politifact'],0.0
magic1021.com,1,0,0,['gossipcop'],0.0
magicvalley.com,2,0,0,['gossipcop'],0.0
magzter.com,10,0,0,['gossipcop'],0.0
mainerepublicemailalert.com,2,0,0,['politifact'],0.0
majorthoughts.com,1,0,0,['politifact'],0.0
makeup.com,3,0,0,['gossipcop'],0.0
makeupforever.com,1,0,0,['gossipcop'],0.0
malaymail.com,2,0,0,['gossipcop'],0.0
maliko.online,1,0,0,['gossipcop'],0.0
mamamia.com.au,3,0,0,['gossipcop'],0.0
manchestereveningnews.co.uk,2,0,0,['gossipcop'],0.0
mandatory.com,1,0,0,['gossipcop'],0.0
maneaddicts.com,1,0,0,['gossipcop'],0.0
manrepeller.com,1,0,0,['gossipcop'],0.0
marieclaire.co.uk,4,0,0,['gossipcop'],0.0
marieclaire.com,34,0,0,['gossipcop'],0.0
marieclaire.com.au,7,0,0,['gossipcop'],0.0
mariefranceasia.com,1,0,0,['gossipcop'],0.0
marketwatch.com,4,0,0,['gossipcop'],0.0
markhyms.blogspot.com,1,0,0,['gossipcop'],0.0
marquee.blogs.cnn.com,1,0,0,['gossipcop'],0.0
marriedbiography.com,21,0,0,['gossipcop'],0.0
marriedwiki.com,2,0,0,['gossipcop'],0.0
marthastewart.com,1,0,0,['gossipcop'],0.0
marthastewartweddings.com,5,0,0,['gossipcop'],0.0
marvel.com,1,0,0,['gossipcop'],0.0
mashable.com,33,0,0,['gossipcop'],0.0
mass.gov,1,0,0,['politifact'],0.0
masscops.com,1,0,0,['politifact'],0.0
masslive.com,1,0,0,['gossipcop'],0.0
maxim.com,3,0,0,['gossipcop'],0.0
maxipolitics.com,1,0,0,['politifact'],0.0
mayoclinic.org,1,0,0,['gossipcop'],0.0
mbahgendengs.blogspot.com,1,0,0,['gossipcop'],0.0
mcall.com,1,0,0,['gossipcop'],0.0
mcarchives.com,4,0,0,['gossipcop'],0.0
me.me,5,0,0,"['gossipcop', 'politifact']",0.0
meangirls.wikia.com,1,0,0,['gossipcop'],0.0
meaww.com,9,0,0,['gossipcop'],0.0
media-marketing.com,1,0,0,['gossipcop'],0.0
mediaite.com,2,0,0,['gossipcop'],0.0
mediavillage.com,1,0,0,['gossipcop'],0.0
medium.com,108,0,0,"['gossipcop', 'politifact']",0.0
meletop.atozvid.com,1,0,0,['gossipcop'],0.0
menshealth.com,1,0,0,['gossipcop'],0.0
mensjournal.com,6,0,0,['gossipcop'],0.0
mensxp.com,1,0,0,['gossipcop'],0.0
mentalfloss.com,2,0,0,['gossipcop'],0.0
mercurynews.com,49,0,0,['gossipcop'],0.0
meritagedj.com,1,0,0,['gossipcop'],0.0
metacritic.com,4,0,0,['gossipcop'],0.0
metdaan.com,2,0,0,['gossipcop'],0.0
metro.co.uk,69,0,0,['gossipcop'],0.0
metro.news,1,0,0,['gossipcop'],0.0
metro.us,3,0,0,['gossipcop'],0.0
miami.com,5,0,0,['gossipcop'],0.0
miamiherald.com,3,0,0,['gossipcop'],0.0
miamipost.co,1,0,0,['politifact'],0.0
mic.com,3,0,0,['gossipcop'],0.0
michaeljacksonmoon.com,1,0,0,['gossipcop'],0.0
mid-day.com,7,0,0,['gossipcop'],0.0
mightynest.com,1,0,0,['politifact'],0.0
mills-peninsula.org,1,0,0,['gossipcop'],0.0
millyzblog.blogspot.com,2,0,0,['gossipcop'],0.0
mindbodygreen.com,1,0,0,['gossipcop'],0.0
mindfood.com,1,0,0,['gossipcop'],0.0
miniminijewels.com,1,0,0,['gossipcop'],0.0
minnesota.cbslocal.com,1,0,0,['politifact'],0.0
mirror.co.uk,97,0,0,"['gossipcop', 'politifact']",0.0
missuniverse.com,1,0,0,['gossipcop'],0.0
missxpose.com,1,0,0,['gossipcop'],0.0
mittvmitt.com,1,0,0,['politifact'],0.0
mix.com,1,0,0,['gossipcop'],0.0
mix106wnno.com,1,0,0,['gossipcop'],0.0
mix1077.iheart.com,1,0,0,['gossipcop'],0.0
mix931.iheart.com,1,0,0,['gossipcop'],0.0
mixgulfcoast.iheart.com,2,0,0,['gossipcop'],0.0
mjsbigblog.com,2,0,0,['gossipcop'],0.0
mlst.blog,2,0,0,['gossipcop'],0.0
mnn.com,1,0,0,['gossipcop'],0.0
mobo.com,1,0,0,['gossipcop'],0.0
modbee.com,1,0,0,['gossipcop'],0.0
modeglam.com,1,0,0,['gossipcop'],0.0
moet.com,1,0,0,['gossipcop'],0.0
mollysims.com,1,0,0,['gossipcop'],0.0
momcurls.com,1,0,0,['gossipcop'],0.0
mommies.today,1,0,0,['gossipcop'],0.0
momvoyage.hilton.com,1,0,0,['gossipcop'],0.0
mona8888.com,1,0,0,['gossipcop'],0.0
money.cnn.com,14,0,0,['gossipcop'],0.0
money.usnews.com,4,0,0,['gossipcop'],0.0
moneyish.com,1,0,0,['gossipcop'],0.0
monster.com,1,0,0,['gossipcop'],0.0
monstersandcritics.com,10,0,0,['gossipcop'],0.0
montrealgazette.com,1,0,0,['gossipcop'],0.0
more.com,1,0,0,['gossipcop'],0.0
morefm.co.nz,1,0,0,['gossipcop'],0.0
mother.ly,6,0,0,['gossipcop'],0.0
motherjones.com,1,0,0,['politifact'],0.0
moviefone.com,5,0,0,['gossipcop'],0.0
moviequotesandmore.com,1,0,0,['gossipcop'],0.0
movies.trendolizer.com,1,0,0,['gossipcop'],0.0
movieweb.com,4,0,0,['gossipcop'],0.0
mr-mag.com,1,0,0,['gossipcop'],0.0
msn.com,194,0,0,['gossipcop'],0.0
msnbc.com,1,0,0,['politifact'],0.0
msnbc.msn.com,13,0,0,['politifact'],0.0
mtonews.com,4,0,0,['gossipcop'],0.0
mtv.co.uk,14,0,0,['gossipcop'],0.0
mtv.com,18,0,0,"['gossipcop', 'politifact']",0.0
mtv.com.au,4,0,0,['gossipcop'],0.0
mtvasia.com,3,0,0,['gossipcop'],0.0
much.com,3,0,0,['gossipcop'],0.0
muckrack.com,1,0,0,['gossipcop'],0.0
multichannel.com,2,0,0,['gossipcop'],0.0
music-news.com,3,0,0,['gossipcop'],0.0
musicrow.com,1,0,0,['gossipcop'],0.0
musictimes.com,1,0,0,['gossipcop'],0.0
my.barackobama.com,3,0,0,['politifact'],0.0
my.charitywater.org,1,0,0,['gossipcop'],0.0
myajc.com,1,0,0,['gossipcop'],0.0
mydomaine.com,2,0,0,['gossipcop'],0.0
myfashunpassion.blog,1,0,0,['gossipcop'],0.0
myhoustonmajic.com,2,0,0,['gossipcop'],0.0
mykhel.com,2,0,0,['gossipcop'],0.0
mylifetime.com,4,0,0,['gossipcop'],0.0
mylittlecorneroflife.com,1,0,0,['gossipcop'],0.0
mynewsla.com,2,0,0,['gossipcop'],0.0
mynuface.com,1,0,0,['gossipcop'],0.0
myprofileblog25.blogspot.com,1,0,0,['gossipcop'],0.0
mysterious-times.com,1,0,0,['politifact'],0.0
mysteriousearth.club,1,0,0,['politifact'],0.0
mystylebykartia.blogspot.com,6,0,0,['gossipcop'],0.0
myvideo.ge,1,0,0,['gossipcop'],0.0
myz99.com,3,0,0,['gossipcop'],0.0
naacp.org,1,0,0,['gossipcop'],0.0
nap.edu,1,0,0,['politifact'],0.0
narcity.com,5,0,0,['gossipcop'],0.0
nascarsite.125sites.com,1,0,0,['gossipcop'],0.0
nashcountrydaily.com,4,0,0,['gossipcop'],0.0
nashfm947.com,1,0,0,['gossipcop'],0.0
nashvillenoise.com,1,0,0,['gossipcop'],0.0
nationalclubgolfer.com,1,0,0,['gossipcop'],0.0
nationaldaycalendar.com,3,0,0,['gossipcop'],0.0
nationaleatingdisorders.org,1,0,0,['gossipcop'],0.0
nationalenquirer.com,53,0,0,['gossipcop'],0.0
nationalpost.com,1,0,0,['gossipcop'],0.0
naturallycurly.com,1,0,0,['gossipcop'],0.0
naughtygossip.com,6,0,0,['gossipcop'],0.0
nba.com,2,0,0,['gossipcop'],0.0
nbc.com,16,0,0,['gossipcop'],0.0
nbc26.com,1,0,0,['gossipcop'],0.0
nbc4i.com,1,0,0,['gossipcop'],0.0
nbcbayarea.com,3,0,0,['gossipcop'],0.0
nbcboston.com,3,0,0,['gossipcop'],0.0
nbcchicago.com,16,0,0,['gossipcop'],0.0
nbcconnecticut.com,4,0,0,['gossipcop'],0.0
nbcdfw.com,3,0,0,['gossipcop'],0.0
nbclosangeles.com,18,0,0,['gossipcop'],0.0
nbcmiami.com,2,0,0,['gossipcop'],0.0
nbcnews.com,45,0,0,"['gossipcop', 'politifact']",0.0
nbcnewyork.com,6,0,0,['gossipcop'],0.0
nbcphiladelphia.com,6,0,0,['gossipcop'],0.0
nbcsandiego.com,11,0,0,['gossipcop'],0.0
nbcsports.com,2,0,0,['gossipcop'],0.0
nbcumv.com,6,0,0,['gossipcop'],0.0
nbcuniversal.com,2,0,0,['gossipcop'],0.0
nbcwashington.com,4,0,0,['gossipcop'],0.0
ncaa.com,1,0,0,['gossipcop'],0.0
ndtv.com,1,0,0,['gossipcop'],0.0
necn.com,2,0,0,['gossipcop'],0.0
neon-nettle.com,1,0,0,['politifact'],0.0
neonnettle.com,3,0,0,['politifact'],0.0
nerdbastards.com,1,0,0,['gossipcop'],0.0
nerdist.com,2,0,0,['gossipcop'],0.0
nerdsandbeyond.com,1,0,0,['gossipcop'],0.0
nesn.com,1,0,0,['gossipcop'],0.0
netflix.com,2,0,0,['gossipcop'],0.0
networthwikibio.com,1,0,0,['gossipcop'],0.0
neuzd.wordpress.com,13,0,0,['gossipcop'],0.0
newafricabusinessnews.com,1,0,0,['gossipcop'],0.0
newbeauty.com,6,0,0,['gossipcop'],0.0
newcelebnews.com,1,0,0,['gossipcop'],0.0
newhot997.com,21,0,0,['gossipcop'],0.0
newidea.com.au,143,0,0,['gossipcop'],0.0
newindianexpress.com,1,0,0,['gossipcop'],0.0
newmediasearch.com,1,0,0,['gossipcop'],0.0
newnownext.com,6,0,0,['gossipcop'],0.0
news-leader.com,2,0,0,['gossipcop'],0.0
news.abs-cbn.com,1,0,0,['gossipcop'],0.0
news.antiwar.com,1,0,0,['politifact'],0.0
news.artnet.com,1,0,0,['gossipcop'],0.0
news.avclub.com,3,0,0,['gossipcop'],0.0
news.com.au,45,0,0,['gossipcop'],0.0
news.disneylandparis.com,1,0,0,['gossipcop'],0.0
news.google.com,8,0,0,['gossipcop'],0.0
news.groopspeak.com,1,0,0,['politifact'],0.0
news.harvard.edu,1,0,0,['gossipcop'],0.0
news.iheart.com,11,0,0,['gossipcop'],0.0
news.jill9.com,1,0,0,['gossipcop'],0.0
news.shaneperrymarketing.com,1,0,0,['gossipcop'],0.0
news.sky.com,14,0,0,['gossipcop'],0.0
news.starbucks.com,1,0,0,['gossipcop'],0.0
news.yahoo.com,1,0,0,['gossipcop'],0.0
news18.com,3,0,0,['gossipcop'],0.0
news24.com,1,0,0,['gossipcop'],0.0
news4sanantonio.com,1,0,0,['gossipcop'],0.0
news5cleveland.com,1,0,0,['gossipcop'],0.0
news9ontime.com,11,0,0,['gossipcop'],0.0
newsandstar.co.uk,2,0,0,['gossipcop'],0.0
newsbeezer.com,8,0,0,['gossipcop'],0.0
newsbreakshere.com,2,0,0,['politifact'],0.0
newsbroadcastnetwork.com,1,0,0,['gossipcop'],0.0
newscabal.co.uk,12,0,0,['gossipcop'],0.0
newscats.org,1,0,0,['politifact'],0.0
newschamber.com,1,0,0,['gossipcop'],0.0
newschannel.pk,1,0,0,['gossipcop'],0.0
newscrane.com,2,0,0,['gossipcop'],0.0
newsday.com,11,0,0,['gossipcop'],0.0
newsdeskpress.com,2,0,0,['gossipcop'],0.0
newsdonaldtrumps.com,1,0,0,['politifact'],0.0
newsfeedobserver.com,1,0,0,['politifact'],0.0
newsfeedusa.us,1,0,0,['politifact'],0.0
newsflash.one,14,0,0,['gossipcop'],0.0
newshub.co.nz,4,0,0,['gossipcop'],0.0
newshub.org,3,0,0,['gossipcop'],0.0
newslink.live,1,0,0,['gossipcop'],0.0
newslit.org,1,0,0,['gossipcop'],0.0
newslo.com,2,0,0,['politifact'],0.0
newslocker.com,35,0,0,['gossipcop'],0.0
newsneednews.com,1,0,0,['gossipcop'],0.0
newsnetwork.mayoclinic.org,1,0,0,['gossipcop'],0.0
newsobserver.com,3,0,0,['gossipcop'],0.0
newson6.com,1,0,0,['gossipcop'],0.0
newsoncelebrity.com,1,0,0,['gossipcop'],0.0
newspro.sherrysaffairs.com,1,0,0,['gossipcop'],0.0
newstarget.com,1,0,0,['politifact'],0.0
newstatesman.com,1,0,0,['gossipcop'],0.0
newsuptoday.com,1,0,0,['politifact'],0.0
newsweek.com,20,0,0,"['gossipcop', 'politifact']",0.0
newsx.com,1,0,0,['gossipcop'],0.0
newsy-today.com,1,0,0,['gossipcop'],0.0
newyork.cbslocal.com,1,0,0,['gossipcop'],0.0
newyorker.com,6,0,0,['gossipcop'],0.0
newyorkupstate.com,1,0,0,['gossipcop'],0.0
nextdivas.com,64,0,0,['gossipcop'],0.0
nfib-sbet.org,1,0,0,['politifact'],0.0
nhsinform.scot,1,0,0,['gossipcop'],0.0
nicershoes.com,1,0,0,['gossipcop'],0.0
nickalive.blogspot.com,1,0,0,['gossipcop'],0.0
nickiswift.com,26,0,0,['gossipcop'],0.0
nielsen.com,1,0,0,['gossipcop'],0.0
nigerianbulletin.com,4,0,0,['gossipcop'],0.0
nj.com,2,0,0,['gossipcop'],0.0
nme.com,32,0,0,['gossipcop'],0.0
nobelprize.org,1,0,0,['politifact'],0.0
nola.com,3,0,0,['gossipcop'],0.0
nomadicmatt.com,1,0,0,['gossipcop'],0.0
nordic.businessinsider.com,1,0,0,['gossipcop'],0.0
northjersey.com,1,0,0,['gossipcop'],0.0
norvegiani.xyz,1,0,0,['gossipcop'],0.0
nostraightnews.com,1,0,0,['gossipcop'],0.0
notablebiographies.com,2,0,0,['gossipcop'],0.0
notallowedto.com,2,0,0,['politifact'],0.0
notatkigeeka.pl,1,0,0,['gossipcop'],0.0
notebuzzz.com,1,0,0,['gossipcop'],0.0
nova969.com.au,3,0,0,['gossipcop'],0.0
novom.ru,3,0,0,['gossipcop'],0.0
now.ruelala.com,1,0,0,['gossipcop'],0.0
now100fm.com,4,0,0,['gossipcop'],0.0
now8news.com,1,0,0,['politifact'],0.0
now963.radio.com,1,0,0,['gossipcop'],0.0
nowtolove.com.au,14,0,0,['gossipcop'],0.0
nowtrump.com,1,0,0,['politifact'],0.0
npr.org,20,0,0,"['gossipcop', 'politifact']",0.0
nrtonline.info,2,0,0,['politifact'],0.0
nscdscamps.org,1,0,0,['politifact'],0.0
ntnews.com.au,1,0,0,['gossipcop'],0.0
ny.curbed.com,2,0,0,['gossipcop'],0.0
ny.eater.com,3,0,0,['gossipcop'],0.0
nydailynews.com,56,0,0,['gossipcop'],0.0
nyeveningnews.com,2,0,0,['politifact'],0.0
nyfoxnews.co,1,0,0,['politifact'],0.0
nylon.com,4,0,0,['gossipcop'],0.0
nymag.com,7,0,0,"['gossipcop', 'politifact']",0.0
nypost.com,30,0,0,"['gossipcop', 'politifact']",0.0
nytimes.com,115,0,0,"['gossipcop', 'politifact']",0.0
nytiwes.com,1,0,0,['politifact'],0.0
nyulocal.com,1,0,0,['gossipcop'],0.0
nzherald.co.nz,1,0,0,['gossipcop'],0.0
o.canada.com,1,0,0,['gossipcop'],0.0
obama.trendolizer.com,2,0,0,['politifact'],0.0
observer.com,5,0,0,['gossipcop'],0.0
observeronline.news,3,0,0,['politifact'],0.0
occupydemocrats.com,1,0,0,['politifact'],0.0
oceandraw.com,1,0,0,['gossipcop'],0.0
oceanup.com,1,0,0,['gossipcop'],0.0
ocregister.com,1,0,0,['gossipcop'],0.0
officialcharts.com,1,0,0,['gossipcop'],0.0
offthegrid.media,1,0,0,['gossipcop'],0.0
ohioart.com,1,0,0,['politifact'],0.0
ohmy.disney.com,2,0,0,['gossipcop'],0.0
ohnotheydidnt.livejournal.com,13,0,0,['gossipcop'],0.0
ok.co.uk,7,0,0,['gossipcop'],0.0
okayplayer.com,2,0,0,['gossipcop'],0.0
okmagazine.com,92,0,0,['gossipcop'],0.0
olodomusics.com,3,0,0,['gossipcop'],0.0
omgcheckitout.com,19,0,0,['gossipcop'],0.0
onairwithryan.iheart.com,11,0,0,['gossipcop'],0.0
onceuponatime.wikia.com,1,0,0,['gossipcop'],0.0
oneappsgroup.com,3,0,0,['gossipcop'],0.0
onechicagocenter.com,1,0,0,['gossipcop'],0.0
onecountry.com,6,0,0,['gossipcop'],0.0
onehallyu.com,3,0,0,['gossipcop'],0.0
onemileatatime.com,1,0,0,['gossipcop'],0.0
onenewspage.com,13,0,0,['gossipcop'],0.0
onenewspage.us,1,0,0,['gossipcop'],0.0
onlinelibrary.wiley.com,1,0,0,['gossipcop'],0.0
onn.network,1,0,0,['gossipcop'],0.0
onobello.com,1,0,0,['gossipcop'],0.0
onset-hollywood.com,1,0,0,['gossipcop'],0.0
oohlo.com,1,0,0,['gossipcop'],0.0
opb.org,1,0,0,['gossipcop'],0.0
opensecrets.org,1,0,0,['politifact'],0.0
oprahmag.com,4,0,0,['gossipcop'],0.0
opreminfo.com,1,0,0,['politifact'],0.0
oregonlive.com,4,0,0,['gossipcop'],0.0
organicauthority.com,1,0,0,['gossipcop'],0.0
orlandosentinel.com,1,0,0,['gossipcop'],0.0
oroscopodioggiedomani.it,1,0,0,['gossipcop'],0.0
oscar.go.com,13,0,0,['gossipcop'],0.0
oscars.org,3,0,0,['gossipcop'],0.0
otgrownupdatingeccr.coolcool.info,1,0,0,['gossipcop'],0.0
our.news,3,0,0,['politifact'],0.0
ourvoiceny.com,1,0,0,['politifact'],0.0
out.com,5,0,0,['gossipcop'],0.0
outeast.com,1,0,0,['gossipcop'],0.0
outlookindia.com,1,0,0,['gossipcop'],0.0
oversixty.com.au,1,0,0,['gossipcop'],0.0
overstock.com,2,0,0,['gossipcop'],0.0
overthemoon.com,1,0,0,['gossipcop'],0.0
oxygen.com,6,0,0,['gossipcop'],0.0
oyster.com,1,0,0,['gossipcop'],0.0
pagesix.com,148,0,0,['gossipcop'],0.0
painnewsnetwork.org,1,0,0,['gossipcop'],0.0
pakistantoday.com.pk,1,0,0,['gossipcop'],0.0
palmbeachdailynews.com,1,0,0,['gossipcop'],0.0
pandagossips.com,1,0,0,['gossipcop'],0.0
papa-film.ru,1,0,0,['gossipcop'],0.0
paparassi.com,1,0,0,['gossipcop'],0.0
papercitymag.com,2,0,0,['gossipcop'],0.0
papermag.com,6,0,0,['gossipcop'],0.0
parade.com,12,0,0,['gossipcop'],0.0
parents.com,4,0,0,['gossipcop'],0.0
parentsdome.com,1,0,0,['gossipcop'],0.0
parentstv.org,1,0,0,['gossipcop'],0.0
parkerxl.com,38,0,0,['gossipcop'],0.0
partners.disney.com,1,0,0,['gossipcop'],0.0
pastemagazine.com,4,0,0,['gossipcop'],0.0
patheos.com,1,0,0,['gossipcop'],0.0
patriotcrier.com,1,0,0,['politifact'],0.0
patrioticviralnews.com,1,0,0,['politifact'],0.0
patriotnetwork.one,1,0,0,['politifact'],0.0
patriotswire.usatoday.com,1,0,0,['gossipcop'],0.0
paul.senate.gov,1,0,0,['politifact'],0.0
pbs.org,5,0,0,"['gossipcop', 'politifact']",0.0
pbteen.com,1,0,0,['gossipcop'],0.0
pddzn.co,1,0,0,['gossipcop'],0.0
pe.com,1,0,0,['gossipcop'],0.0
pedestrian.tv,2,0,0,['gossipcop'],0.0
pegida.trendolizer.com,1,0,0,['politifact'],0.0
penmenpress.com,1,0,0,['gossipcop'],0.0
pennews.pencidesign.com,7,0,0,['gossipcop'],0.0
people.com,1786,0,0,['gossipcop'],0.0
peoplemagazine.co.za,6,0,0,['gossipcop'],0.0
peoplemagazine.com.pk,1,0,0,['gossipcop'],0.0
peoplemagazines.net,1,0,0,['gossipcop'],0.0
perezhilton.com,20,0,0,['gossipcop'],0.0
peta.org,3,0,0,['gossipcop'],0.0
pethealthnetwork.com,1,0,0,['gossipcop'],0.0
pewforum.org,1,0,0,['politifact'],0.0
pewtrusts.org,1,0,0,['politifact'],0.0
phaishan.blogspot.com,1,0,0,['gossipcop'],0.0
philipayler.com,1,0,0,['gossipcop'],0.0
philly.com,2,0,0,['gossipcop'],0.0
phillyvoice.com,2,0,0,['gossipcop'],0.0
phrasemix.com,1,0,0,['gossipcop'],0.0
pictame.com,1,0,0,['gossipcop'],0.0
pinknews.co.uk,1,0,0,['gossipcop'],0.0
pinkvilla.com,1,0,0,['gossipcop'],0.0
pinterest.ca,4,0,0,['gossipcop'],0.0
pinterest.co.uk,22,0,0,['gossipcop'],0.0
pinterest.dk,2,0,0,['gossipcop'],0.0
pinterest.es,1,0,0,['gossipcop'],0.0
pirate4x4.com,1,0,0,['politifact'],0.0
pitchfork.com,9,0,0,['gossipcop'],0.0
pix11.com,2,0,0,"['gossipcop', 'politifact']",0.0
pizza.leapdigital.net,1,0,0,['gossipcop'],0.0
pizzabottle.co,1,0,0,['gossipcop'],0.0
planetradio.co.uk,1,0,0,['gossipcop'],0.0
plasticsurgerylove.com,1,0,0,['gossipcop'],0.0
plasticsurgerypeople.com,2,0,0,['gossipcop'],0.0
playbill.com,4,0,0,['gossipcop'],0.0
playboy.com,1,0,0,['gossipcop'],0.0
player.fm,3,0,0,['gossipcop'],0.0
policetimes.info,1,0,0,['politifact'],0.0
politicaladarchive.org,4,0,0,['politifact'],0.0
politicalmayhem.news,1,0,0,['politifact'],0.0
politicalticker.blogs.cnn.com,2,0,0,['politifact'],0.0
politicass.com,1,0,0,['politifact'],0.0
politico.com,11,0,0,"['gossipcop', 'politifact']",0.0
politicono.com,2,0,0,['politifact'],0.0
politicot.com,3,0,0,['politifact'],0.0
politics.blogs.foxnews.com,1,0,0,['politifact'],0.0
politics2020.info,1,0,0,['politifact'],0.0
politicsdaily.com,1,0,0,['politifact'],0.0
politicsdepot.com,1,0,0,['politifact'],0.0
politifact.com,26,0,0,['politifact'],0.0
politifeed.net,1,0,0,['politifact'],0.0
pollingreport.com,2,0,0,['politifact'],0.0
polls.trendolizer.com,1,0,0,['politifact'],0.0
polygon.com,7,0,0,['gossipcop'],0.0
popbuzz.com,5,0,0,['gossipcop'],0.0
popcrush.com,11,0,0,['gossipcop'],0.0
popculture.com,78,0,0,['gossipcop'],0.0
popdust.com,2,0,0,['gossipcop'],0.0
popileriz.org,1,0,0,['gossipcop'],0.0
popmatters.com,1,0,0,['gossipcop'],0.0
popsugar.com,81,0,0,['gossipcop'],0.0
popuculture.com,1,0,0,['gossipcop'],0.0
popularmechanics.com,1,0,0,['politifact'],0.0
pornhub.com,1,0,0,['gossipcop'],0.0
portalstate.com,1,0,0,['politifact'],0.0
postbulletin.com,1,0,0,['gossipcop'],0.0
posteitaliane.it,1,0,0,['gossipcop'],0.0
potolokrostov.ru,1,0,0,['gossipcop'],0.0
pottermore.com,1,0,0,['gossipcop'],0.0
pottsmerc.com,1,0,0,['gossipcop'],0.0
power925.com,1,0,0,['gossipcop'],0.0
powerslc.com,13,0,0,['gossipcop'],0.0
pr.nba.com,1,0,0,['gossipcop'],0.0
praisedc.com,1,0,0,['gossipcop'],0.0
praiserichmond.com,1,0,0,['gossipcop'],0.0
pranks.trendolizer.com,1,0,0,['gossipcop'],0.0
pregnancymagazine.com,1,0,0,['gossipcop'],0.0
prepareforchange.net,1,0,0,['gossipcop'],0.0
press.org,1,0,0,['politifact'],0.0
pressparty.com,8,0,0,['gossipcop'],0.0
pressreader.com,20,0,0,['gossipcop'],0.0
pride.com,1,0,0,['gossipcop'],0.0
primermagazine.com,1,0,0,['gossipcop'],0.0
prnewswire.com,3,0,0,['gossipcop'],0.0
proconservativenews.com,1,0,0,['politifact'],0.0
producersguild.org,2,0,0,['gossipcop'],0.0
productexpert.com,1,0,0,['gossipcop'],0.0
projectbritain.com,1,0,0,['gossipcop'],0.0
projectrepublictoday.com,1,0,0,['politifact'],0.0
promgirl.com,1,0,0,['gossipcop'],0.0
promotionmusicnews.com,2,0,0,['gossipcop'],0.0
proudleader.com,1,0,0,['politifact'],0.0
proxywhore.com,1,0,0,['politifact'],0.0
psychologytoday.com,5,0,0,['gossipcop'],0.0
punkee.com.au,1,0,0,['gossipcop'],0.0
puppetstringnews.com,2,0,0,['politifact'],0.0
puredwts.com,1,0,0,['gossipcop'],0.0
purewow.com,15,0,0,['gossipcop'],0.0
purpleclover.com,1,0,0,['gossipcop'],0.0
pwtorch.com,2,0,0,['gossipcop'],0.0
q103albany.com,1,0,0,['gossipcop'],0.0
qa.tve.eonline.nbcuni.com,1,0,0,['gossipcop'],0.0
quemas.mamaslatinas.com,5,0,0,['gossipcop'],0.0
query.nytimes.com,4,0,0,['politifact'],0.0
quickening-spirit.com,1,0,0,['politifact'],0.0
quora.com,28,0,0,['gossipcop'],0.0
qwekusblog.com,1,0,0,['gossipcop'],0.0
qz.com,4,0,0,['gossipcop'],0.0
r-word.org,1,0,0,['gossipcop'],0.0
racked.com,2,0,0,['gossipcop'],0.0
radaronline.com,193,0,0,"['gossipcop', 'politifact']",0.0
radio.com,2,0,0,['gossipcop'],0.0
radionowhouston.com,1,0,0,['gossipcop'],0.0
radiotimes.com,9,0,0,['gossipcop'],0.0
rainbowfamilyadventures.com,1,0,0,['gossipcop'],0.0
ranker.com,14,0,0,['gossipcop'],0.0
rap-up.com,4,0,0,['gossipcop'],0.0
rappler.com,1,0,0,['gossipcop'],0.0
rare.us,9,0,0,"['gossipcop', 'politifact']",0.0
rarecountry.com,1,0,0,['gossipcop'],0.0
raredr.com,1,0,0,['gossipcop'],0.0
rarolae.com,7,0,0,['gossipcop'],0.0
ravi-celmag.blogspot.com,1,0,0,['gossipcop'],0.0
ravinderbhalla.com,1,0,0,['politifact'],0.0
rawstory.com,1,0,0,['politifact'],0.0
rcarecords.com,1,0,0,['gossipcop'],0.0
react365.com,4,0,0,['politifact'],0.0
real1061.iheart.com,1,0,0,['gossipcop'],0.0
realclearlife.com,3,0,0,['gossipcop'],0.0
realclearpolitics.com,2,0,0,"['gossipcop', 'politifact']",0.0
realityblurb.com,12,0,0,['gossipcop'],0.0
realitytea.com,5,0,0,['gossipcop'],0.0
realitytvworld.com,4,0,0,['gossipcop'],0.0
realitywives.net,1,0,0,['gossipcop'],0.0
realnewsrightnow.com,1,0,0,['politifact'],0.0
realsimple.com,6,0,0,['gossipcop'],0.0
realstyle.therealreal.com,1,0,0,['gossipcop'],0.0
realtimepolitics.com,1,0,0,['politifact'],0.0
realtor.com,2,0,0,['gossipcop'],0.0
rearfront.com,1,0,0,['politifact'],0.0
redbookmag.com,6,0,0,['gossipcop'],0.0
redcarpet-fashionawards.com,1,0,0,['gossipcop'],0.0
reddit.com,30,0,0,"['gossipcop', 'politifact']",0.0
rednoseday.org,2,0,0,['gossipcop'],0.0
redonline.co.uk,2,0,0,['gossipcop'],0.0
redstatewatcher.com,1,0,0,['politifact'],0.0
redstatewave.com,1,0,0,['politifact'],0.0
redtri.com,2,0,0,['gossipcop'],0.0
reelhoney.com,1,0,0,['gossipcop'],0.0
refinery29.com,123,0,0,['gossipcop'],0.0
reflectionofmind.org,1,0,0,['politifact'],0.0
regisjesuit.com,1,0,0,['gossipcop'],0.0
remezcla.com,1,0,0,['gossipcop'],0.0
remonews.com,4,0,0,['gossipcop'],0.0
resetera.com,1,0,0,['gossipcop'],0.0
reuters.com,15,0,0,"['gossipcop', 'politifact']",0.0
revelist.com,9,0,0,['gossipcop'],0.0
revenge.headliner.org,1,0,0,['gossipcop'],0.0
reviewjournal.com,4,0,0,['gossipcop'],0.0
revolt.tv,6,0,0,['gossipcop'],0.0
revolutionradio.org,1,0,0,['politifact'],0.0
revolvermag.com,1,0,0,['gossipcop'],0.0
revolvy.com,1,0,0,['gossipcop'],0.0
rickeysmileymorningshow.com,1,0,0,['gossipcop'],0.0
ridingthewave.com,2,0,0,['gossipcop'],0.0
ringspo.com,1,0,0,['gossipcop'],0.0
rip.trendolizer.com,2,0,0,['politifact'],0.0
riverdale.wikia.com,2,0,0,['gossipcop'],0.0
rock107mb.iheart.com,1,0,0,['gossipcop'],0.0
rollingout.com,8,0,0,['gossipcop'],0.0
rollingstone.com,84,0,0,"['gossipcop', 'politifact']",0.0
romper.com,27,0,0,['gossipcop'],0.0
rottentomatoes.com,3,0,0,['gossipcop'],0.0
royal.uk,3,0,0,['gossipcop'],0.0
royalinsight.net,1,0,0,['gossipcop'],0.0
rte.ie,2,0,0,['gossipcop'],0.0
ru-clip.net,1,0,0,['gossipcop'],0.0
rumba1065.iheart.com,1,0,0,['gossipcop'],0.0
rumors.trendolizer.com,4,0,0,['gossipcop'],0.0
runninglip.com,1,0,0,['gossipcop'],0.0
russianmachineneverbreaks.com,1,0,0,['gossipcop'],0.0
ryansblog9443565648.wordpress.com,1,0,0,['gossipcop'],0.0
s1.zetaboards.com,1,0,0,['gossipcop'],0.0
sacbee.com,7,0,0,['gossipcop'],0.0
sacculturalhub.com,2,0,0,['gossipcop'],0.0
saddoboxing.com,1,0,0,['gossipcop'],0.0
salon.com,1,0,0,['gossipcop'],0.0
samaa.tv,1,0,0,['gossipcop'],0.0
sandrarose.com,1,0,0,['gossipcop'],0.0
sanfrancisco.cbslocal.com,1,0,0,['gossipcop'],0.0
sanluisobispo.com,1,0,0,['gossipcop'],0.0
santacruzsentinel.com,1,0,0,['gossipcop'],0.0
sasse.senate.gov,1,0,0,['politifact'],0.0
saveur.com,1,0,0,['gossipcop'],0.0
sbnation.com,2,0,0,['gossipcop'],0.0
sbs.com.au,2,0,0,['gossipcop'],0.0
sc.wordpress.com,1,0,0,['gossipcop'],0.0
scandal.fandom.com,1,0,0,['gossipcop'],0.0
scarlettjohansson.com.br,1,0,0,['gossipcop'],0.0
schwarzkopf.com,1,0,0,['gossipcop'],0.0
sciencevibe.com,1,0,0,['politifact'],0.0
scmp.com,6,0,0,['gossipcop'],0.0
scoopnest.com,50,0,0,['gossipcop'],0.0
scoopwhoop.com,1,0,0,['gossipcop'],0.0
screencrush.com,7,0,0,['gossipcop'],0.0
screendaily.com,2,0,0,['gossipcop'],0.0
screenrant.com,20,0,0,['gossipcop'],0.0
scroll.in,1,0,0,['gossipcop'],0.0
search.audioburst.com,1,0,0,['gossipcop'],0.0
seattletimes.com,2,0,0,['gossipcop'],0.0
secondnexus.com,2,0,0,['gossipcop'],0.0
select.nytimes.com,1,0,0,['politifact'],0.0
self.com,16,0,0,['gossipcop'],0.0
selftanning.com,1,0,0,['gossipcop'],0.0
senate.gov,7,0,0,['politifact'],0.0
sentinelksmo.org,1,0,0,['politifact'],0.0
sephora.com,1,0,0,['gossipcop'],0.0
seronokkabar.blogspot.com,1,0,0,['gossipcop'],0.0
sescoops.com,1,0,0,['gossipcop'],0.0
seuss.wikia.com,1,0,0,['gossipcop'],0.0
seventeen.com,36,0,0,['gossipcop'],0.0
sfchronicle.com,1,0,0,['politifact'],0.0
sffq.aviazione.biz,1,0,0,['gossipcop'],0.0
sfgate.com,4,0,0,['gossipcop'],0.0
sfimw.co,1,0,0,['gossipcop'],0.0
sg.style.yahoo.com,1,0,0,['gossipcop'],0.0
sg.theasianparent.com,1,0,0,['gossipcop'],0.0
shadowandact.com,1,0,0,['gossipcop'],0.0
shania.activeboard.com,1,0,0,['gossipcop'],0.0
shaniatwain.com,1,0,0,['gossipcop'],0.0
shape.com,11,0,0,['gossipcop'],0.0
shefinds.com,4,0,0,['gossipcop'],0.0
sheknows.com,14,0,0,['gossipcop'],0.0
shmoop.com,1,0,0,['gossipcop'],0.0
shockingview.com,8,0,0,['gossipcop'],0.0
shop.nordstrom.com,2,0,0,['gossipcop'],0.0
shopinson.com,1,0,0,['gossipcop'],0.0
showbizexpress.com,2,0,0,['gossipcop'],0.0
showclipaz.com,1,0,0,['gossipcop'],0.0
shows4.com,1,0,0,['gossipcop'],0.0
showtodaytv.com,1,0,0,['gossipcop'],0.0
si.com,17,0,0,['gossipcop'],0.0
siasat.com,1,0,0,['gossipcop'],0.0
sidereel.com,4,0,0,['gossipcop'],0.0
sidomexentertainment.com,2,0,0,['gossipcop'],0.0
siff.net,1,0,0,['gossipcop'],0.0
siliconvalleypaper.com,1,0,0,['gossipcop'],0.0
silive.com,1,0,0,['gossipcop'],0.0
simonandschuster.com,1,0,0,['gossipcop'],0.0
simple.wikipedia.org,3,0,0,['gossipcop'],0.0
simplemost.com,13,0,0,['gossipcop'],0.0
singaporesammyboy.com,1,0,0,['gossipcop'],0.0
skinnyms.com,1,0,0,['gossipcop'],0.0
skippyisheretostay.tumblr.com,1,0,0,['gossipcop'],0.0
slashfilm.com,7,0,0,['gossipcop'],0.0
slate.com,8,0,0,['gossipcop'],0.0
slice.ca,4,0,0,['gossipcop'],0.0
slimdadi.com,1,0,0,['gossipcop'],0.0
sltrib.com,3,0,0,['gossipcop'],0.0
smag31.com,1,0,0,['politifact'],0.0
smallbites.andybellatti.com,1,0,0,['gossipcop'],0.0
smartertravel.com,1,0,0,['gossipcop'],0.0
smartmindmag.com,1,0,0,['politifact'],0.0
smarttan.com,1,0,0,['gossipcop'],0.0
smh.com.au,5,0,0,['gossipcop'],0.0
smoaky.com,1,0,0,['politifact'],0.0
snobette.com,1,0,0,['gossipcop'],0.0
soberinfo.com,1,0,0,['gossipcop'],0.0
sofeminine.co.uk,1,0,0,['gossipcop'],0.0
soflvideo.ru,1,0,0,['gossipcop'],0.0
sohh.com,1,0,0,['gossipcop'],0.0
soleiltoujours.com,1,0,0,['gossipcop'],0.0
solsticesunglasses.com,1,0,0,['gossipcop'],0.0
someecards.com,3,0,0,['gossipcop'],0.0
someonesbones.com,1,0,0,['politifact'],0.0
somethingturquoise.com,1,0,0,['gossipcop'],0.0
sosoclip.com,1,0,0,['gossipcop'],0.0
sotu.blogs.cnn.com,2,0,0,['politifact'],0.0
soulspiritguidance.com,1,0,0,['gossipcop'],0.0
soundbooks.org,22,0,0,['gossipcop'],0.0
soundslikenashville.com,3,0,0,['gossipcop'],0.0
southernliving.com,4,0,0,['gossipcop'],0.0
soyummy.com,1,0,0,['gossipcop'],0.0
sparknotes.com,1,0,0,['gossipcop'],0.0
spearswms.com,2,0,0,['gossipcop'],0.0
speeddating.tn,1,0,0,['gossipcop'],0.0
speedtalk.com,1,0,0,['politifact'],0.0
spillednews.com,1,0,0,['gossipcop'],0.0
spin.com,10,0,0,['gossipcop'],0.0
spinditty.com,1,0,0,['gossipcop'],0.0
spoilertv.com,1,0,0,['gossipcop'],0.0
sportfella.com,1,0,0,['politifact'],0.0
sportingnews.com,1,0,0,['gossipcop'],0.0
sports.yahoo.com,4,0,0,['gossipcop'],0.0
sportsbettingdime.com,1,0,0,['gossipcop'],0.0
sportskeeda.com,2,0,0,['gossipcop'],0.0
sportzbonanza.com,1,0,0,['gossipcop'],0.0
spott.tv,1,0,0,['gossipcop'],0.0
springfieldspringfield.co.uk,2,0,0,['gossipcop'],0.0
spy.nzherald.co.nz,2,0,0,['gossipcop'],0.0
sronews.com,1,0,0,['gossipcop'],0.0
ssa.gov,1,0,0,['politifact'],0.0
sspxjk.co,1,0,0,['gossipcop'],0.0
stabenow.senate.gov,1,0,0,['politifact'],0.0
stadtvilla1.rssing.com,1,0,0,['gossipcop'],0.0
staging.omgcheckitout.com,1,0,0,['gossipcop'],0.0
standard.co.uk,26,0,0,['gossipcop'],0.0
star-mag.co.uk,2,0,0,['gossipcop'],0.0
star-telegram.com,2,0,0,['gossipcop'],0.0
star1043.iheart.com,1,0,0,['gossipcop'],0.0
star941fm.iheart.com,1,0,0,['gossipcop'],0.0
starbuckssecretmenu.net,1,0,0,['gossipcop'],0.0
starbulletin.com,1,0,0,['politifact'],0.0
starcasm.net,1,0,0,['gossipcop'],0.0
starmagazine.com,16,0,0,['gossipcop'],0.0
starnewsonline.com,1,0,0,['gossipcop'],0.0
starsearchcasting.com,1,0,0,['gossipcop'],0.0
start.att.net,1,0,0,['gossipcop'],0.0
startribune.com,2,0,0,['gossipcop'],0.0
starwars.com,3,0,0,['gossipcop'],0.0
starwars.wikia.com,2,0,0,['gossipcop'],0.0
state.gov,1,0,0,['politifact'],0.0
statista.com,1,0,0,['gossipcop'],0.0
stayglam.com,1,0,0,['gossipcop'],0.0
steemit.com,6,0,0,"['gossipcop', 'politifact']",0.0
steemkr.com,1,0,0,['gossipcop'],0.0
stellar.ie,1,0,0,['gossipcop'],0.0
stepandrepeat.com,1,0,0,['gossipcop'],0.0
stereogum.com,1,0,0,['gossipcop'],0.0
sthq.uawmfc.work,1,0,0,['gossipcop'],0.0
stlouisfed.org,1,0,0,['politifact'],0.0
stltoday.com,1,0,0,['gossipcop'],0.0
stocknewspress.com,1,0,0,['gossipcop'],0.0
stoptheclot.org,1,0,0,['gossipcop'],0.0
store.brunomars.com,2,0,0,['gossipcop'],0.0
storiesflow.com,27,0,0,['gossipcop'],0.0
straight.com,1,0,0,['gossipcop'],0.0
straightstoned.com,1,0,0,['politifact'],0.0
studybreaks.com,2,0,0,['gossipcop'],0.0
stuff.co.nz,9,0,0,['gossipcop'],0.0
stylecaster.com,30,0,0,['gossipcop'],0.0
stylecraze.com,3,0,0,['gossipcop'],0.0
styleismyobsession.com,1,0,0,['gossipcop'],0.0
stylist.co.uk,1,0,0,['gossipcop'],0.0
suicidepreventionlifeline.org,1,0,0,['gossipcop'],0.0
sun-sentinel.com,1,0,0,['gossipcop'],0.0
sundaynews.co.zw,1,0,0,['gossipcop'],0.0
sunglasswarehouse.com,1,0,0,['gossipcop'],0.0
sunny1079.com,1,0,0,['gossipcop'],0.0
superbhub.com,5,0,0,['gossipcop'],0.0
supergirl.tv,1,0,0,['gossipcop'],0.0
supernewsworld.com,16,0,0,['gossipcop'],0.0
superstarmagazine.com,1,0,0,['gossipcop'],0.0
supremecourt.gov,1,0,0,['politifact'],0.0
sweetyhigh.com,1,0,0,['gossipcop'],0.0
swipelife.tinder.com,1,0,0,['gossipcop'],0.0
swoon.theodysseyonline.com,1,0,0,['gossipcop'],0.0
syfy.com,6,0,0,['gossipcop'],0.0
syracuse.com,4,0,0,['gossipcop'],0.0
tacobell.com,2,0,0,['gossipcop'],0.0
talkentertainment.com,1,0,0,['gossipcop'],0.0
tamaratattles.com,1,0,0,['gossipcop'],0.0
tampabay.com,3,0,0,"['gossipcop', 'politifact']",0.0
target.com,4,0,0,['gossipcop'],0.0
tasteofcountry.com,17,0,0,['gossipcop'],0.0
tasteofreality.com,2,0,0,['gossipcop'],0.0
tawonmakanapa.dadli.mobi,1,0,0,['gossipcop'],0.0
taxpolicycenter.org,2,0,0,['politifact'],0.0
tayangenter.blogspot.com,1,0,0,['gossipcop'],0.0
taylorswift.hol.es,1,0,0,['gossipcop'],0.0
taylorswift.trendolizer.com,2,0,0,['gossipcop'],0.0
tdtalliance.com,1,0,0,['politifact'],0.0
teach2066.rssing.com,1,0,0,['gossipcop'],0.0
teamusa.org,2,0,0,['gossipcop'],0.0
tech2.org,14,0,0,['gossipcop'],0.0
techcrunch.com,2,0,0,['gossipcop'],0.0
technobuffalo.com,1,0,0,['gossipcop'],0.0
techradar.com,1,0,0,['gossipcop'],0.0
techtimes.com,1,0,0,['gossipcop'],0.0
teddeutch.house.gov,1,0,0,['politifact'],0.0
teddystick.com,1,0,0,['politifact'],0.0
teenkidsnews.com,1,0,0,['gossipcop'],0.0
teenmomtalknow.com,1,0,0,['gossipcop'],0.0
teenvogue.com,62,0,0,['gossipcop'],0.0
teenzonemagazine.co.za,1,0,0,['gossipcop'],0.0
teewhy-hive.blogspot.com,1,0,0,['gossipcop'],0.0
telanganatoday.com,1,0,0,['gossipcop'],0.0
telegraph.co.uk,50,0,0,['gossipcop'],0.0
telemundo.com,7,0,0,['gossipcop'],0.0
tennessean.com,13,0,0,['gossipcop'],0.0
tenor.com,3,0,0,['gossipcop'],0.0
textbacklinkexchanges.com,4,0,0,['gossipcop'],0.0
tgbyn.cjws.win,1,0,0,['gossipcop'],0.0
thaivisa.com,1,0,0,['gossipcop'],0.0
thatgrapejuice.net,3,0,0,['gossipcop'],0.0
the-fringe.com,1,0,0,['politifact'],0.0
the-handmaids-tale.wikia.com,1,0,0,['gossipcop'],0.0
the-line-up.com,1,0,0,['gossipcop'],0.0
the-magician.co.uk,1,0,0,['gossipcop'],0.0
the-royals.wikia.com,3,0,0,['gossipcop'],0.0
the100-news.tumblr.com,1,0,0,['gossipcop'],0.0
the100.fandom.com,2,0,0,['gossipcop'],0.0
theashleysrealityroundup.com,3,0,0,['gossipcop'],0.0
theatermania.com,1,0,0,['gossipcop'],0.0
theathletic.com,1,0,0,['gossipcop'],0.0
theatlantic.com,6,0,0,['gossipcop'],0.0
thebalancecareers.com,2,0,0,['gossipcop'],0.0
thebestviralvideos.com,1,0,0,['gossipcop'],0.0
thebigdm.com,1,0,0,['gossipcop'],0.0
theblast.com,15,0,0,['gossipcop'],0.0
theboombox.com,2,0,0,['gossipcop'],0.0
theboot.com,6,0,0,['gossipcop'],0.0
theboxhouston.com,1,0,0,['gossipcop'],0.0
thebreakingdawn.site,1,0,0,['politifact'],0.0
thebudgetbabe.com,1,0,0,['gossipcop'],0.0
thebump.com,1,0,0,['gossipcop'],0.0
theburningplatform.com,1,0,0,['politifact'],0.0
thebuzz.iheart.com,1,0,0,['gossipcop'],0.0
thecaucus.blogs.nytimes.com,1,0,0,['politifact'],0.0
thecelebrity.club,1,0,0,['gossipcop'],0.0
thecelebscloset.com,2,0,0,['gossipcop'],0.0
thecinemaholic.com,3,0,0,['gossipcop'],0.0
thecommonsenseshow.com,1,0,0,['politifact'],0.0
theconlincompany.com,1,0,0,['gossipcop'],0.0
theconversation.com,2,0,0,['gossipcop'],0.0
thecut.com,63,0,0,['gossipcop'],0.0
thedadbag.com,1,0,0,['gossipcop'],0.0
thedailybeast.com,31,0,0,['gossipcop'],0.0
thedailyday.com,1,0,0,['gossipcop'],0.0
thedailymeal.com,1,0,0,['gossipcop'],0.0
thedailyshow.com,1,0,0,['politifact'],0.0
thedoctorstv.com,1,0,0,['gossipcop'],0.0
thedrum.com,1,0,0,['gossipcop'],0.0
theeconomiccollapseblog.com,1,0,0,['politifact'],0.0
theedge.co.nz,1,0,0,['gossipcop'],0.0
theejohndoe.com,1,0,0,['gossipcop'],0.0
thefader.com,4,0,0,['gossipcop'],0.0
thefashionfauxpasofgabrielle.com,1,0,0,['gossipcop'],0.0
thefashionspot.com,3,0,0,['gossipcop'],0.0
thefilmexperience.net,1,0,0,['gossipcop'],0.0
thefix.com,2,0,0,['gossipcop'],0.0
thefreelibrary.com,1,0,0,['gossipcop'],0.0
thefrisky.com,1,0,0,['gossipcop'],0.0
thefutoncritic.com,1,0,0,['gossipcop'],0.0
thegatewaypundit.com,5,0,0,['politifact'],0.0
thegirlfrompanama.com,1,0,0,['gossipcop'],0.0
theglobalheadlines.net,2,0,0,['politifact'],0.0
theglobeandmail.com,2,0,0,['gossipcop'],0.0
thegoldwater.com,1,0,0,['politifact'],0.0
thegoodplace.wikia.com,1,0,0,['gossipcop'],0.0
thegoodteatime.com,1,0,0,['gossipcop'],0.0
thegrapevine.theroot.com,7,0,0,['gossipcop'],0.0
thegreekobserver.com,1,0,0,['gossipcop'],0.0
thegrio.com,4,0,0,['gossipcop'],0.0
theguardian.com,95,0,0,"['gossipcop', 'politifact']",0.0
thehill.com,15,0,0,"['gossipcop', 'politifact']",0.0
thehindupatrika.com,3,0,0,['gossipcop'],0.0
thehollywoodgossip.com,50,0,0,['gossipcop'],0.0
thehollywoodradar.com,1,0,0,['gossipcop'],0.0
thehollywoodunlocked.com,7,0,0,['gossipcop'],0.0
thehorrormoviesblog.com,1,0,0,['gossipcop'],0.0
thejasminebrand.com,2,0,0,['gossipcop'],0.0
thekit.ca,1,0,0,['gossipcop'],0.0
theknotnews.com,8,0,0,['gossipcop'],0.0
thelifebuzz.com,1,0,0,['politifact'],0.0
thelist.com,9,0,0,['gossipcop'],0.0
theloop.ca,3,0,0,['gossipcop'],0.0
themarysue.com,1,0,0,['gossipcop'],0.0
themercury.com.au,1,0,0,['gossipcop'],0.0
themodemistress.com,1,0,0,['gossipcop'],0.0
themoscowtimes.com,1,0,0,['politifact'],0.0
themuse.jezebel.com,4,0,0,['gossipcop'],0.0
thenational.ae,4,0,0,['gossipcop'],0.0
thenationalmarijuananews.com,1,0,0,['politifact'],0.0
theneptunes.org,1,0,0,['gossipcop'],0.0
thenet.ng,1,0,0,['gossipcop'],0.0
thenewyorkevening.com,1,0,0,['gossipcop'],0.0
theodysseyonline.com,2,0,0,['gossipcop'],0.0
theoffice.wikia.com,1,0,0,['gossipcop'],0.0
theplace2.ru,1,0,0,['gossipcop'],0.0
theplayerstribune.com,1,0,0,['gossipcop'],0.0
thepointsguy.com,1,0,0,['gossipcop'],0.0
thepoliticsforums.com,1,0,0,['gossipcop'],0.0
thepopple.com,1,0,0,['gossipcop'],0.0
thequiz.com,3,0,0,['gossipcop'],0.0
thereal.com,3,0,0,['gossipcop'],0.0
therealhousewivesblog.blogspot.com,1,0,0,['gossipcop'],0.0
therichest.com,3,0,0,['gossipcop'],0.0
therightists.com,2,0,0,['politifact'],0.0
therightscoop.com,1,0,0,['politifact'],0.0
theringer.com,11,0,0,['gossipcop'],0.0
theriver973.iheart.com,1,0,0,['gossipcop'],0.0
therompmagazine.com,1,0,0,['gossipcop'],0.0
theroot.com,1,0,0,['gossipcop'],0.0
theroyaluk.com,4,0,0,['gossipcop'],0.0
thesaltyju.com,1,0,0,['gossipcop'],0.0
theseattletribune.com,2,0,0,['politifact'],0.0
theskincareedit.com,1,0,0,['gossipcop'],0.0
thesource.com,4,0,0,['gossipcop'],0.0
thespec.com,1,0,0,['gossipcop'],0.0
thespotlyte.com,1,0,0,['gossipcop'],0.0
thesquander.com,1,0,0,['gossipcop'],0.0
thestage.co.uk,1,0,0,['gossipcop'],0.0
thestar.com,4,0,0,['gossipcop'],0.0
thestate.com,1,0,0,['gossipcop'],0.0
thestir.cafemom.com,23,0,0,['gossipcop'],0.0
thesun.co.uk,64,0,0,"['gossipcop', 'politifact']",0.0
thesunchronicle.com,1,0,0,['gossipcop'],0.0
thetalko.com,10,0,0,['gossipcop'],0.0
thetango.net,1,0,0,['gossipcop'],0.0
thetechsensei.com,2,0,0,['gossipcop'],0.0
thethings.com,4,0,0,['gossipcop'],0.0
thetitlemag.com,1,0,0,['gossipcop'],0.0
thetoptea.com,1,0,0,['gossipcop'],0.0
thetoptens.com,1,0,0,['gossipcop'],0.0
thetrendler.com,1,0,0,['gossipcop'],0.0
thetrendspotter.net,1,0,0,['gossipcop'],0.0
theultsrc.org,1,0,0,['gossipcop'],0.0
theundefeated.com,3,0,0,['gossipcop'],0.0
theverge.com,24,0,0,"['gossipcop', 'politifact']",0.0
thevisibilityproject.com,1,0,0,['gossipcop'],0.0
thewealthrecord.com,1,0,0,['gossipcop'],0.0
theweek.co.uk,1,0,0,['gossipcop'],0.0
theweek.com,2,0,0,['gossipcop'],0.0
theworldnews.net,41,0,0,['gossipcop'],0.0
thewrap.com,177,0,0,['gossipcop'],0.0
thezoereport.com,9,0,0,['gossipcop'],0.0
thinkprogress.org,1,0,0,['gossipcop'],0.0
thirtyminded.com,1,0,0,['gossipcop'],0.0
thisisinsider.com,56,0,0,['gossipcop'],0.0
thomas.loc.gov,5,0,0,['politifact'],0.0
thoughtco.com,1,0,0,['gossipcop'],0.0
thrillist.com,6,0,0,['gossipcop'],0.0
ticketingboxoffice.com,1,0,0,['gossipcop'],0.0
ticketmaster.com,1,0,0,['gossipcop'],0.0
tiffanycknox.wordpress.com,2,0,0,['gossipcop'],0.0
tigerbeat.com,3,0,0,['gossipcop'],0.0
time.com,184,0,0,"['gossipcop', 'politifact']",0.0
timeslive.co.za,2,0,0,['gossipcop'],0.0
timesnownews.com,5,0,0,['gossipcop'],0.0
timesofindia.indiatimes.com,11,0,0,['gossipcop'],0.0
timesofisrael.com,5,0,0,['gossipcop'],0.0
tinybuddha.com,1,0,0,['gossipcop'],0.0
tlc.com,2,0,0,['gossipcop'],0.0
tlcnaptown.com,3,0,0,['gossipcop'],0.0
tmz.com,83,0,0,['gossipcop'],0.0
tmzbreaking.com,1,0,0,['politifact'],0.0
tnaty.lisboa.ltd,1,0,0,['gossipcop'],0.0
today.com,195,0,0,['gossipcop'],0.0
today.yougov.com,1,0,0,['gossipcop'],0.0
todaysparent.com,2,0,0,['gossipcop'],0.0
todaytells.com,1,0,0,['gossipcop'],0.0
tonto.eia.doe.gov,1,0,0,['politifact'],0.0
tonyawards.com,3,0,0,['gossipcop'],0.0
toofab.com,61,0,0,['gossipcop'],0.0
toofaced.com,1,0,0,['gossipcop'],0.0
top.ghostzero.tv,1,0,0,['gossipcop'],0.0
tor.com,2,0,0,['gossipcop'],0.0
torontosun.com,11,0,0,['gossipcop'],0.0
totalbeauty.com,3,0,0,['gossipcop'],0.0
tourradar.com,1,0,0,['gossipcop'],0.0
townandcountrymag.com,38,0,0,['gossipcop'],0.0
trace.tv,2,0,0,['gossipcop'],0.0
traceycunningham.com,1,0,0,['gossipcop'],0.0
tracyanderson.com,2,0,0,['gossipcop'],0.0
trainnews.info,1,0,0,['politifact'],0.0
transcripts.cnn.com,7,0,0,['politifact'],0.0
transcriptswire.cq.com,1,0,0,['politifact'],0.0
trashtalktv.com,2,0,0,['gossipcop'],0.0
travelandleisure.com,7,0,0,['gossipcop'],0.0
travelerstoday.com,1,0,0,['gossipcop'],0.0
travelweek.ca,1,0,0,['gossipcop'],0.0
trending2day.com,2,0,0,['gossipcop'],0.0
trendolizer.com,4,0,0,"['gossipcop', 'politifact']",0.0
trends2world.blogspot.com,1,0,0,['gossipcop'],0.0
trendyfame.com,2,0,0,['gossipcop'],0.0
tresemme.com,1,0,0,['gossipcop'],0.0
triblive.com,1,0,0,['politifact'],0.0
tribune.com.pk,13,0,0,['gossipcop'],0.0
tripadvisor.com,2,0,0,['gossipcop'],0.0
triplem.com.au,1,0,0,['gossipcop'],0.0
trolls.wikia.com,2,0,0,['gossipcop'],0.0
trueamericans.me,1,0,0,['politifact'],0.0
trueara.com,49,0,0,['gossipcop'],0.0
trueskincarecenter.com,1,0,0,['gossipcop'],0.0
trustedreviews.com,1,0,0,['gossipcop'],0.0
truthexam.com,1,0,0,['politifact'],0.0
tucson.com,1,0,0,['gossipcop'],0.0
tudonoticia.org,1,0,0,['gossipcop'],0.0
tumblr.com,1,0,0,['gossipcop'],0.0
turitmo.com,4,0,0,['gossipcop'],0.0
tuunn.dianbiao.ltd,1,0,0,['gossipcop'],0.0
tv.avclub.com,10,0,0,['gossipcop'],0.0
tv.com,1,0,0,['gossipcop'],0.0
tvfanatic.com,1,0,0,['gossipcop'],0.0
tvguide.com,31,0,0,['gossipcop'],0.0
tvinsider.com,21,0,0,['gossipcop'],0.0
tvline.com,72,0,0,['gossipcop'],0.0
tvone.tv,1,0,0,['gossipcop'],0.0
tvovermind.com,6,0,0,['gossipcop'],0.0
tvseriesfinale.com,2,0,0,['gossipcop'],0.0
tvthisweek.us,4,0,0,['gossipcop'],0.0
tvtropes.org,2,0,0,['gossipcop'],0.0
tvweb.com,1,0,0,['gossipcop'],0.0
tweetchat.com,1,0,0,['gossipcop'],0.0
twentyeightmay.pw,1,0,0,['politifact'],0.0
twilightsaga.wikia.com,1,0,0,['gossipcop'],0.0
twincities.com,1,0,0,['gossipcop'],0.0
twitchy.com,1,0,0,['gossipcop'],0.0
twitter.com,9,0,0,['politifact'],0.0
twoeggz.com,5,0,0,['gossipcop'],0.0
txbxsa.co,1,0,0,['gossipcop'],0.0
udiscovermusic.com,1,0,0,['gossipcop'],0.0
uinterview.com,1,0,0,['gossipcop'],0.0
uitvconnect.com,1,0,0,['gossipcop'],0.0
ujprd.co,2,0,0,['gossipcop'],0.0
uk.businessinsider.com,34,0,0,['gossipcop'],0.0
uk.pressfrom.com,1,0,0,['gossipcop'],0.0
uk.reuters.com,1,0,0,['gossipcop'],0.0
uk.style.yahoo.com,2,0,0,['gossipcop'],0.0
ultimateclassicrock.com,2,0,0,['gossipcop'],0.0
undeadwalking.com,1,0,0,['gossipcop'],0.0
unhcr.org,1,0,0,['politifact'],0.0
unilad.co.uk,2,0,0,"['gossipcop', 'politifact']",0.0
unionleader.com,1,0,0,['politifact'],0.0
unitedbypop.com,1,0,0,['gossipcop'],0.0
unitedtopic.com,1,0,0,['gossipcop'],0.0
universalanimation.wikia.com,1,0,0,['gossipcop'],0.0
unofa.blogspot.com,1,0,0,['gossipcop'],0.0
unofficialnetworks.com,1,0,0,['politifact'],0.0
unseen-pedia.com,1,0,0,['politifact'],0.0
upi.com,69,0,0,['gossipcop'],0.0
uproxx.com,9,0,0,['gossipcop'],0.0
uptownkia.ca,1,0,0,['gossipcop'],0.0
urbanintellectuals.com,1,0,0,['politifact'],0.0
urbanislandz.com,1,0,0,['gossipcop'],0.0
us.blastingnews.com,16,0,0,['gossipcop'],0.0
us.hellomagazine.com,6,0,0,['gossipcop'],0.0
us.hola.com,16,0,0,['gossipcop'],0.0
us.isportant.com,1,0,0,['gossipcop'],0.0
us.pressfrom.com,1,0,0,['gossipcop'],0.0
us.topshop.com,1,0,0,['gossipcop'],0.0
us1035.iheart.com,1,0,0,['gossipcop'],0.0
us3.campaign-archive1.com,1,0,0,['politifact'],0.0
usa24info.com,1,0,0,['politifact'],0.0
usacarry.com,3,0,0,['politifact'],0.0
usaconservativereport.com,1,0,0,['politifact'],0.0
usalibertypress.com,1,0,0,['politifact'],0.0
usamirrornews.com,1,0,0,['politifact'],0.0
usanetwork.com,3,0,0,['gossipcop'],0.0
usanews24h.tk,1,0,0,['politifact'],0.0
usanewscentral.com,1,0,0,['politifact'],0.0
usanewstoday.org,1,0,0,['politifact'],0.0
usatoday.com,332,0,0,"['gossipcop', 'politifact']",0.0
usawatchdog.com,1,0,0,['politifact'],0.0
usbreakingnews.net,1,0,0,['politifact'],0.0
usefullyuselessinfo.wordpress.com,1,0,0,['gossipcop'],0.0
usleader.net,2,0,0,['politifact'],0.0
usmagazine.com,709,0,0,['gossipcop'],0.0
usnews.com,2,0,0,"['gossipcop', 'politifact']",0.0
usnnetwork.com,1,0,0,['politifact'],0.0
uspostman.com,1,0,0,['politifact'],0.0
usweekly.com,12,0,0,['gossipcop'],0.0
utterbuzz.com,1,0,0,['gossipcop'],0.0
uznayvse.ru,1,0,0,['gossipcop'],0.0
v1019.com,1,0,0,['gossipcop'],0.0
vaaju.com,1,0,0,['gossipcop'],0.0
vanityfair.com,153,0,0,['gossipcop'],0.0
variancemagazine.com,1,0,0,['gossipcop'],0.0
variety.com,304,0,0,['gossipcop'],0.0
vegnews.com,1,0,0,['gossipcop'],0.0
velvetropes.com,1,0,0,['gossipcop'],0.0
ventlyfe.com,1,0,0,['gossipcop'],0.0
ventsmagazine.com,1,0,0,['gossipcop'],0.0
vesti24.mk,1,0,0,['gossipcop'],0.0
veterantv.com,1,0,0,['politifact'],0.0
vgxlk.co,1,0,0,['gossipcop'],0.0
vh1.com,18,0,0,['gossipcop'],0.0
vibe.com,11,0,0,['gossipcop'],0.0
vice.com,1,0,0,['gossipcop'],0.0
video.foxnews.com,2,0,0,['politifact'],0.0
video.southdreamz.com,1,0,0,['gossipcop'],0.0
video.suntimes.com,1,0,0,['gossipcop'],0.0
video.vanityfair.com,1,0,0,['gossipcop'],0.0
videos.tube,1,0,0,['gossipcop'],0.0
viralactions.com,1,0,0,['politifact'],0.0
viraldevil.com,1,0,0,['politifact'],0.0
viralhug.com,1,0,0,['gossipcop'],0.0
viraljournalist.com,2,0,0,['gossipcop'],0.0
viralpipeline.com,2,0,0,['gossipcop'],0.0
viralthread.com,2,0,0,['gossipcop'],0.0
viraltruthwire.com,1,0,0,['politifact'],0.0
viralwdc.site,1,0,0,['politifact'],0.0
virascoop.com,1,0,0,['gossipcop'],0.0
virusfreephone.com,1,0,0,['gossipcop'],0.0
visaliatimesdelta.com,1,0,0,['gossipcop'],0.0
visitbritain.com,1,0,0,['gossipcop'],0.0
visitdeepcreek.com,1,0,0,['gossipcop'],0.0
vivaglammagazine.com,4,0,0,['gossipcop'],0.0
vivala.com,5,0,0,['gossipcop'],0.0
vividseats.com,3,0,0,['gossipcop'],0.0
vladtv.com,1,0,0,['gossipcop'],0.0
vmagazine.com,2,0,0,['gossipcop'],0.0
vman.com,1,0,0,['gossipcop'],0.0
vogue.co.uk,7,0,0,['gossipcop'],0.0
vogue.com,47,0,0,['gossipcop'],0.0
vogue.com.au,11,0,0,['gossipcop'],0.0
vote.us.org,1,0,0,['politifact'],0.0
votesmart.org,1,0,0,['politifact'],0.0
vox.com,42,0,0,"['gossipcop', 'politifact']",0.0
vt.co,3,0,0,['gossipcop'],0.0
vulture.com,72,0,0,['gossipcop'],0.0
vulturehound.co.uk,1,0,0,['gossipcop'],0.0
w3.nexis.com,1,0,0,['politifact'],0.0
w3livenews.com,23,0,0,['gossipcop'],0.0
wakeupmrwest.com,1,0,0,['gossipcop'],0.0
walkoffame.com,3,0,0,['gossipcop'],0.0
wanttoknow.info,1,0,0,['gossipcop'],0.0
warnermusicnashville.com,1,0,0,['gossipcop'],0.0
washington.cbslocal.com,1,0,0,['gossipcop'],0.0
washingtonblade.com,2,0,0,['gossipcop'],0.0
washingtonian.com,1,0,0,['gossipcop'],0.0
washingtonianplasticsurgery.com,1,0,0,['gossipcop'],0.0
washingtonpost.com,122,0,0,"['gossipcop', 'politifact']",0.0
washingtonpress.com,1,0,0,['politifact'],0.0
washingtonsources.org,1,0,0,['politifact'],0.0
washingtontimes.com,1,0,0,['gossipcop'],0.0
wattpad.com,2,0,0,['gossipcop'],0.0
wazanews.tk,1,0,0,['politifact'],0.0
wbti.com,1,0,0,['gossipcop'],0.0
wbul.iheart.com,2,0,0,['gossipcop'],0.0
wbur.org,2,0,0,['gossipcop'],0.0
wbwn.com,1,0,0,['gossipcop'],0.0
wccbcharlotte.com,1,0,0,['gossipcop'],0.0
wccusd.net,1,0,0,['gossipcop'],0.0
wcfcourier.com,2,0,0,['gossipcop'],0.0
wcpo.com,2,0,0,['gossipcop'],0.0
wdjx.com,3,0,0,['gossipcop'],0.0
we.org,1,0,0,['gossipcop'],0.0
we963pdx.com,1,0,0,['gossipcop'],0.0
wearelatinlive.com,1,0,0,['gossipcop'],0.0
wearemitu.com,1,0,0,['gossipcop'],0.0
web-brains.com,2,0,0,['gossipcop'],0.0
web-site-design.info,1,0,0,['gossipcop'],0.0
web.archive.org,204,0,0,"['gossipcop', 'politifact']",0.0
webbyawards.com,1,0,0,['gossipcop'],0.0
webcache.googleusercontent.com,1,0,0,['politifact'],0.0
webmd.com,2,0,0,['gossipcop'],0.0
webvisible.com,1,0,0,['gossipcop'],0.0
weddingtropics.com,1,0,0,['gossipcop'],0.0
wegotthiscovered.com,1,0,0,['gossipcop'],0.0
welcometotwinpeaks.com,1,0,0,['gossipcop'],0.0
wellandgood.com,5,0,0,['gossipcop'],0.0
wellnessmama.com,1,0,0,['gossipcop'],0.0
westcoastsurrogacy.com,1,0,0,['gossipcop'],0.0
westerntelegraph.co.uk,1,0,0,['gossipcop'],0.0
wesupportdonaldtrump.com,1,0,0,['politifact'],0.0
wetpaint.com,19,0,0,['gossipcop'],0.0
wetv.com,1,0,0,['gossipcop'],0.0
wfla.com,2,0,0,['gossipcop'],0.0
wfmz.com,1,0,0,['gossipcop'],0.0
wfpl.org,1,0,0,['politifact'],0.0
wgntv.com,4,0,0,['gossipcop'],0.0
wgrz.com,1,0,0,['gossipcop'],0.0
what-you-missed.com,1,0,0,['politifact'],0.0
whathappensintheusa.com,1,0,0,['politifact'],0.0
whatkatewore.com,1,0,0,['gossipcop'],0.0
wheninmanila.com,1,0,0,['gossipcop'],0.0
whimn.com.au,4,0,0,['gossipcop'],0.0
whitehouse.gov,17,0,0,['politifact'],0.0
whitneyport.com,1,0,0,['gossipcop'],0.0
who.com.au,6,0,0,['gossipcop'],0.0
whoistampabay.com,7,0,0,['gossipcop'],0.0
whowhatwear.com,25,0,0,['gossipcop'],0.0
wideopeneats.com,1,0,0,['gossipcop'],0.0
wikicelebinfo.com,2,0,0,['gossipcop'],0.0
wikihow.com,10,0,0,['gossipcop'],0.0
wikinetworth.com,4,0,0,['gossipcop'],0.0
wikinow.co,2,0,0,['gossipcop'],0.0
wikiofthrones.com,1,0,0,['gossipcop'],0.0
wikivividly.com,2,0,0,['gossipcop'],0.0
wild1055.com,1,0,0,['gossipcop'],0.0
wild941.com,2,0,0,['gossipcop'],0.0
wild949.iheart.com,1,0,0,['gossipcop'],0.0
wildabouthoudini.com,1,0,0,['gossipcop'],0.0
wilmingtonfilm.com,1,0,0,['politifact'],0.0
wilsoncountynews.com,1,0,0,['gossipcop'],0.0
windsorstar.com,1,0,0,['gossipcop'],0.0
winteriscoming.net,2,0,0,['gossipcop'],0.0
wionews.com,1,0,0,['gossipcop'],0.0
wireler.com,2,0,0,['gossipcop'],0.0
wirk.com,1,0,0,['gossipcop'],0.0
wjla.com,4,0,0,['gossipcop'],0.0
wjlbdetroit.iheart.com,1,0,0,['gossipcop'],0.0
wkrg.com,1,0,0,['politifact'],0.0
wkyc.com,9,0,0,['gossipcop'],0.0
wltx.com,1,0,0,['gossipcop'],0.0
wmagazine.com,51,0,0,['gossipcop'],0.0
wmmr.com,1,0,0,['gossipcop'],0.0
wmur.com,1,0,0,['gossipcop'],0.0
woman-in-cyber.com,1,0,0,['gossipcop'],0.0
womansday.com,6,0,0,['gossipcop'],0.0
womansown.co.uk,1,0,0,['gossipcop'],0.0
womansworld.com,1,0,0,['gossipcop'],0.0
womenandhollywood.com,1,0,0,['gossipcop'],0.0
womenfashiontrends.info,1,0,0,['gossipcop'],0.0
womenshealth.com.au,1,0,0,['gossipcop'],0.0
womenshealthmag.com,10,0,0,['gossipcop'],0.0
wonderwall.com,28,0,0,['gossipcop'],0.0
wopular.com,3,0,0,['gossipcop'],0.0
wordstream.com,1,0,0,['gossipcop'],0.0
workingmother.com,1,0,0,['gossipcop'],0.0
worldfactsftw.com,1,0,0,['politifact'],0.0
worldlifestyle.com,2,0,0,['gossipcop'],0.0
worldnews.easybranches.com,30,0,0,['gossipcop'],0.0
worldnews.guru,1,0,0,['gossipcop'],0.0
worldnewsdailyreport.com,4,0,0,['politifact'],0.0
worldstarsmag.com,6,0,0,['gossipcop'],0.0
wornontv.net,1,0,0,['gossipcop'],0.0
wovk.iheart.com,1,0,0,['gossipcop'],0.0
wow1043.com,1,0,0,['gossipcop'],0.0
wpde.com,1,0,0,['gossipcop'],0.0
wptv.com,1,0,0,['gossipcop'],0.0
wqfak.co,1,0,0,['gossipcop'],0.0
wral.com,1,0,0,['gossipcop'],0.0
wreg.com,1,0,0,['gossipcop'],0.0
wrestling-online.com,1,0,0,['gossipcop'],0.0
wrestlinginc.com,7,0,0,['gossipcop'],0.0
writles.com,1,0,0,['gossipcop'],0.0
wrmf.com,1,0,0,['gossipcop'],0.0
wrpm33.com,1,0,0,['politifact'],0.0
wsj.com,8,0,0,['gossipcop'],0.0
wstale.com,96,0,0,['gossipcop'],0.0
wthr.com,1,0,0,['gossipcop'],0.0
wtnh.com,1,0,0,['gossipcop'],0.0
wtvr.com,1,0,0,['gossipcop'],0.0
wusa9.com,4,0,0,['gossipcop'],0.0
wushack.com,3,0,0,['gossipcop'],0.0
wvlc.com,4,0,0,['gossipcop'],0.0
wwd.com,11,0,0,['gossipcop'],0.0
wwe.com,7,0,0,['gossipcop'],0.0
wwltv.com,1,0,0,['gossipcop'],0.0
www1.cbn.com,1,0,0,['gossipcop'],0.0
www2.alabamavotes.gov,1,0,0,['politifact'],0.0
wwwxzone.com,1,0,0,['gossipcop'],0.0
x-files.wikia.com,1,0,0,['gossipcop'],0.0
x17online.com,8,0,0,['gossipcop'],0.0
xskbx.co,1,0,0,['gossipcop'],0.0
xwfwm.co,1,0,0,['gossipcop'],0.0
xxlmag.com,7,0,0,['gossipcop'],0.0
y1025.iheart.com,1,0,0,['gossipcop'],0.0
y103fm.com,1,0,0,['gossipcop'],0.0
y94fm.iheart.com,1,0,0,['gossipcop'],0.0
yahoo.com,51,0,0,['gossipcop'],0.0
yellownetwork.net,2,0,0,['gossipcop'],0.0
yelp.com,1,0,0,['gossipcop'],0.0
yogaesoteric.net,1,0,0,['gossipcop'],0.0
youredm.com,1,0,0,['gossipcop'],0.0
yournewswire.com,25,0,0,"['gossipcop', 'politifact']",0.0
yourphx.com,1,0,0,['gossipcop'],0.0
yourtango.com,17,0,0,['gossipcop'],0.0
youth-junction.com,6,0,0,['gossipcop'],0.0
youtu.be,2,0,0,['politifact'],0.0
youtube.com,48,0,0,['politifact'],0.0
z100.iheart.com,1,0,0,['gossipcop'],0.0
z100radio.iheart.com,1,0,0,['gossipcop'],0.0
z1035.com,2,0,0,['gossipcop'],0.0
z104fm.iheart.com,1,0,0,['gossipcop'],0.0
z90.com,1,0,0,['gossipcop'],0.0
z951.com,1,0,0,['gossipcop'],0.0
z953.ca,1,0,0,['gossipcop'],0.0
zambianobserver.com,1,0,0,['politifact'],0.0
zeel.com,1,0,0,['gossipcop'],0.0
zerchoo.com,67,0,0,['gossipcop'],0.0
zerohedge.com,1,0,0,['politifact'],0.0
zig.com,11,0,0,['gossipcop'],0.0
zimbabwe-today.com,1,0,0,['politifact'],0.0
zimbio.com,8,0,0,['gossipcop'],0.0
zmonline.com,4,0,0,['gossipcop'],0.0
